Symbol,Name,"Market Cap","P/E ttm","EPS ttm","Net Income(a)",Beta,Dividend(a),"Div Yield(a)","Latest Earnings"
A,"Agilent Technologies",36869836000,23.71,5.32,1240000000,1.05,0.933,0.74%,2024-08-20
AA,"Alcoa Corp",7620526000,0,-2.86,-651000000.,2.45,0.4,0.94%,2024-07-17
AAL,"American Airlines Gp",7243234000,4.94,2.25,822000000,1.44,N/A,0.00%,2024-07-18
AAON,"Aaon Inc",7155471000,39.01,2.21,177620000,0.8,0.32,0.37%,2024-08-01
AAP,"Advance Auto Parts Inc",3501004000,86.75,0.69,29740000,1.2,1,1.70%,2024-08-28
AAPL,"Apple Inc",3470715840000,34.46,6.43,96995000000,1.24,0.97,0.43%,2024-08-01
ABBV,"Abbvie Inc",295341440000,14.95,10.96,4863000000,0.64,6.06,3.62%,2024-07-25
ABNB,"Airbnb Inc Cl A",98216712000,33.64,4.54,4792000000,1.18,N/A,0.00%,2024-08-01
ABT,"Abbott Laboratories",180956720000,23.31,4.39,5723000000,0.72,2.12,2.04%,2024-07-18
ACGL,"Arch Capital Grp Ltd",36854736000,10.65,9.17,4443000000,0.58,N/A,0.00%,2024-07-30
ACHC,"Acadia Healthcr Company",6116656000,18.96,3.52,-21670000.,1.31,N/A,0.00%,2024-07-25
ACI,"Albertsons Companies Inc Cl A",11425446000,7.2,2.76,1296000000,0.49,0.48,2.43%,2024-07-23
ACM,"Aecom Technology Corp",11494562000,21.53,4.04,55330000,1.17,0.84,0.99%,2024-08-05
ACN,"Accenture Plc",187468960000,25.74,11.88,6871560000,1.23,4.99,1.67%,2024-06-20
ADBE,"Adobe Systems Inc",256435968000,40.9,13.94,5428000000,1.3,N/A,0.00%,2024-06-13
ADC,"Agree Realty Corp",6283087000,15.44,1.7,169960000,0.58,2.961,4.74%,2024-07-23
ADI,"Analog Devices",114571552000,30.15,7.63,3314580000,1.08,3.56,1.54%,2024-08-28
ADM,"Archer Daniels Midland",30338716000,9.89,6.34,3483000000,0.74,1.9,3.10%,2024-07-23
ADP,"Automatic Data Procs",96412576000,26.38,8.98,3412000000,0.78,5.45,2.31%,2024-07-31
ADSK,"Autodesk Inc",53418216000,48.39,5.09,906000000,1.48,N/A,0.00%,2024-08-28
ADT,"ADT Inc",6788239000,12.13,0.61,463010000,1.59,0.18,2.45%,2024-08-13
AEE,"Ameren Corp",18786902000,16.22,4.35,1152000000,0.44,2.6,3.69%,2024-08-07
AEP,"American Electric Power Company",46312940000,16.21,5.4,2208100000,0.53,3.47,3.95%,2024-07-30
AES,"The Aes Corp",12585911000,8.77,2.04,249000000,1.08,0.677,3.82%,2024-08-01
AFG,"American Financial Group",10034686000,11.61,10.43,852000000,0.78,6.76,5.65%,2024-08-07
AFL,"Aflac Inc",50600168000,14.07,6.33,4659000000,0.95,1.84,2.07%,2024-07-31
AFRM,"Affirm Holdings Inc Cl A",8825519000,0,-1.89,-985350000.,3.45,N/A,0.00%,2024-08-22
AGCO,"Agco Corp",7037413000,6.73,14.36,1171400000,1.27,3.66,3.88%,2024-07-25
AGNC,"Agnc Investment Corp",7087558000,3.88,2.5,155000000,1.48,1.44,14.77%,2024-07-22
AGO,"Assured Guaranty Ltd",4145290000,6.65,11.73,739000000,1.11,1.18,1.55%,2024-08-13
AGR,"Avangrid Inc",13673259000,15.17,2.33,786000000,0.55,1.76,4.98%,2024-07-24
AIG,"American International Group",49031792000,10.86,6.92,3643000000,1.08,1.48,2.00%,2024-07-31
AIZ,"Assurant Inc",8384302000,9.35,17.54,642500000,0.54,2.86,1.77%,2024-08-06
AJG,"Arthur J. Gallagher & Company",57830400000,28.42,9.24,969500000,0.72,2.3,0.87%,2024-07-25
AKAM,"Akamai Technologies",13780119000,20.96,4.31,547630000,0.67,N/A,0.00%,2024-08-13
AL,"Air Lease Corp Cl A",5292160000,8.95,5.33,614620000,1.59,0.83,1.75%,2024-08-01
ALAB,"Astera Labs Inc",9254868000,0,-1.76,-26260000.,N/A,N/A,0.00%,2024-08-06
ALB,"Albemarle Corp",11558780000,8.22,12.18,1573480000,1.57,1.6,1.63%,2024-07-31
ALGM,"Allegro Microsystems Inc",5956920000,26.4,1.16,152700000,1.67,N/A,0.00%,2024-08-06
ALGN,"Align Technology",18338694000,35.37,6.88,445050000,1.66,N/A,0.00%,2024-07-24
ALK,"Alaska Air Group",4863771000,9.57,4.21,235000000,1.6,N/A,0.00%,2024-07-23
ALL,"Allstate Corp",41812052000,21.72,7.34,-188000000.,0.48,3.62,2.28%,2024-07-31
ALLE,"Allegion Plc",10051343000,16.69,6.93,540400000,1.13,1.86,1.62%,2024-07-24
ALLY,"Ally Financial",12110602000,15.04,2.69,1020000000,1.41,1.2,3.01%,2024-07-17
ALNY,"Alnylam Pharmaceuticals",31753284000,0,-2.68,-440240000.,0.37,N/A,0.00%,2024-08-01
ALSN,"Allison Transmission Holdings",6491741000,10.14,7.49,673000000,1,0.96,1.29%,2024-07-25
AM,"Antero Midstream Corp",7103118000,15.89,0.93,371790000,2.38,0.9,6.10%,2024-07-24
AMAT,"Applied Materials",200858432000,29.53,8.24,6856000000,1.56,1.36,0.56%,2024-08-15
AMCR,"Amcor Plc",13730759000,13.94,0.69,1048000000,0.86,0.498,5.24%,2024-08-21
AMD,"Adv Micro Devices",277844352000,84.05,1.95,854000000,1.68,N/A,0.00%,2024-08-06
AME,"Ametek Inc",38343004000,25.47,6.53,1313190000,1.18,1.06,0.64%,2024-08-06
AMED,"Amedisys Inc",3177837000,22.52,4.32,-9750000.,0.79,N/A,0.00%,2024-07-24
AMG,"Affiliated Managers Group",4931910000,7.55,20.76,672900000,1.22,0.04,0.03%,2024-07-24
AMGN,"Amgen Inc",166766912000,16.61,18.63,6717000000,0.58,8.76,2.82%,2024-08-06
AMH,"American Homes 4 Rent",13718759000,22.21,1,380170000,0.74,0.96,2.56%,2024-07-25
AMKR,"Amkor Technology",9846749000,26.51,1.52,359810000,1.86,0.311,0.78%,2024-07-29
AMP,"Ameriprise Financial Services",42923296000,13.88,31.26,2556000000,1.37,5.53,1.28%,2024-07-24
AMT,"American Tower Corp",91358992000,19.25,4.42,1483300000,0.81,6.56,3.35%,2024-07-30
AMZN,"Amazon.com Inc",2081325440000,54.58,3.62,30425000000,1.15,N/A,0.00%,2024-08-01
AN,"Autonation Inc",6320307000,7.47,21.34,1021100000,1.21,N/A,0.00%,2024-07-19
ANET,"Arista Networks Inc",114734736000,54.62,6.69,2087320000,1.11,N/A,0.00%,2024-07-30
ANSS,"Ansys Inc",28918124000,52.82,6.19,500410000,1.11,N/A,0.00%,2024-08-07
AON,"AON Plc",64329128000,20.15,14.63,2564000000,0.91,2.52,0.85%,2024-07-26
AOS,"Smith A.O. Corp",11804001000,20.89,3.88,556600000,1.15,1.56,1.94%,2024-07-23
APA,"Apa Corp",10616091000,7.16,4.11,2855000000,3.26,1,3.50%,2024-08-07
APD,"Air Products and Chemicals",56170056000,21.44,11.8,2300200000,0.81,7.04,2.79%,2024-08-01
APG,"Api Group Corp",10118447000,22.09,1.67,153000000,1.57,N/A,0.00%,2024-08-01
APH,"Amphenol Corp",81694160000,43.46,1.56,1928000000,1.25,0.435,0.64%,2024-07-24
APLS,"Apellis Pharmaceuticals Inc",4398304000,0,-3.46,-528630000.,0.88,N/A,0.00%,2024-07-29
APO,"Apollo Asset Management Inc",67463432000,18.9,6.34,5047000000,1.59,1.753,1.48%,2024-08-01
APP,"Applovin Corp Cl A",28558418000,51.76,1.68,356710000,1.86,N/A,0.00%,2024-08-07
APPF,"Appfolio Cl A",9146680000,245.07,1.02,2700000,0.8,N/A,0.00%,2024-07-25
APTV,"Aptiv Plc",19093312000,13.66,5.11,2938000000,1.79,N/A,0.00%,2024-08-01
AR,"Antero Resources Corp",10135417000,3329.99,0.01,242920000,3.39,N/A,0.00%,2024-07-24
ARE,"Alexandria Real Estate Equities",20426336000,12.82,1.07,103640000,1.15,5.08,4.35%,2024-07-22
ARES,"Ares Management LP",42835020000,36.99,3.74,474330000,1.22,3.4,2.46%,2024-08-06
ARMK,"Aramark Holdings Corp",8531460000,19.56,1.7,674110000,1.59,0.38,1.17%,2024-08-13
ARW,"Arrow Electronics",6250798000,8.03,14.9,903510000,1.27,N/A,0.00%,2024-08-01
AS,"Amer Sports Inc",6057948000,0,-0.03,-208600000.,N/A,N/A,0.00%,2024-08-20
ASH,"Ashland Inc",4642762000,27.72,3.36,178000000,0.9,1.56,1.68%,2024-07-23
ATI,"Ati Inc",7013495000,25.41,2.26,410800000,1.07,N/A,0.00%,2024-08-06
ATO,"Atmos Energy Corp",17293520000,17.27,6.67,885860000,0.67,3.155,2.75%,2024-08-07
ATR,Aptargroup,9336596000,27.74,5.09,284490000,0.57,1.64,1.16%,2024-07-25
AVB,"Avalonbay Communities",28902150000,18.68,6.72,928830000,0.96,6.7,3.30%,2024-07-31
AVGO,"Broadcom Ltd",792870400000,47.36,36.51,14082000000,1.17,20.35,1.19%,2024-08-29
AVT,"Avnet Inc",4569613000,8.28,6.17,770830000,1.16,1.24,2.45%,2024-08-21
AVTR,"Avantor Inc",14284964000,21.01,1,321100000,1.32,N/A,0.00%,2024-07-26
AVY,"Avery Dennison Corp",17402670000,25.6,8.47,503000000,0.88,3.31,1.53%,2024-07-23
AWI,"Armstrong World Industries Inc",4907021000,20.23,5.58,223800000,1.14,1.094,0.98%,2024-07-23
AWK,"American Water Works",25328936000,25.96,4.93,944000000,0.67,2.888,2.22%,2024-07-24
AXON,"Axon Enterprise Inc",22517844000,120.55,2.46,174230000,0.95,N/A,0.00%,2024-08-13
AXP,"American Express Company",169489360000,19.42,12.14,8374000000,1.21,3.2,1.36%,2024-07-19
AXS,"Axis Capital Holdings",5844927000,6.88,10.08,376290000,0.9,1.76,2.55%,2024-07-30
AXTA,"Axalta Coating Systems Ltd",7446803000,19.98,1.71,267400000,1.44,N/A,0.00%,2024-08-01
AYI,"Acuity Brands Inc",7357140000,17.22,14.13,346000000,1.41,0.56,0.23%,2024-06-27
AZEK,"The Azek Company Cl A",5948817000,36.63,1.11,67960000,1.88,N/A,0.00%,2024-08-13
AZO,Autozone,48088644000,19.68,144.59,2528430000,0.71,N/A,0.00%,2024-05-21
AZPN,"Aspen Technology",12549075000,36.02,5.54,-107760000.,0.73,N/A,0.00%,2024-08-06
AZTA,"Azenta Inc",2816814000,157.42,0.33,-14260000.,1.51,N/A,0.00%,2024-08-13
BA,"Boeing Company",113464176000,0,-5.68,-2222000000.,1.56,N/A,0.00%,2024-07-31
BAC,"Bank of America Corp",316021184000,12.36,3.31,26515000000,1.35,0.96,2.38%,2024-07-16
BAH,"Booz Allen Hamilton Holding Corp",19758802000,28.09,5.5,605710000,0.57,1.96,1.28%,2024-07-26
BALL,"Ball Corporation",18510944000,20.7,2.9,707000000,0.85,0.8,1.34%,2024-08-01
BAX,"Baxter International Inc",17789438000,12.01,2.76,2656000000,0.57,1.16,3.32%,2024-07-25
BBWI,"Bath & Body Works Inc",8257315000,11.36,3.32,878000000,1.85,0.8,2.16%,2024-08-28
BBY,"Best Buy Company",17785618000,12.8,6.43,1241000000,1.48,3.72,4.51%,2024-05-30
BC,"Brunswick Corp",4693204000,9.2,7.57,420400000,1.52,1.64,2.36%,2024-07-25
BDX,"Becton Dickinson and Company",65824008000,18.71,12.23,1484000000,0.42,3.76,1.65%,2024-08-01
BEN,"Franklin Resources",11621350000,8.37,2.68,882800000,1.43,1.23,5.57%,2024-07-26
BEPC,"Brookfield Renewable Corp",5182671000,0,-0.46,-181000000.,1.18,1.385,4.80%,2024-08-02
BERY,"Berry Global Group",6636344000,8.04,7.35,609000000,1.16,1.075,1.85%,2024-08-14
BF.A,"Brown Forman Inc Cl A",20414184000,19.96,2.14,1024000000,0.73,0.859,1.99%,2024-06-05
BFAM,"Bright Horizons Family Solutions Inc",6465126000,44.56,2.47,74220000,1.45,N/A,0.00%,2024-08-06
BF.B,"Brown Forman Inc Cl B",20036058000,19.56,2.14,1024000000,0.73,0.859,2.03%,2024-06-05
BG,"Bunge Ltd",15375801000,8.13,13.45,2243000000,0.67,2.668,2.46%,2024-07-31
BHF,"Brighthouse Financial Inc",2669531000,2.84,15.48,-1112000000.,1.09,N/A,0.00%,2024-08-13
BIIB,"Biogen Inc",32853962000,14.97,15,1161100000,-0.04,N/A,0.00%,2024-08-01
BILL,"Bill Holdings Inc",5591298000,204.46,0.26,-223730000.,1.61,N/A,0.00%,2024-08-15
BIO,"Bio-Rad Laboratories",7899711000,25.19,10.72,-637320000.,0.93,N/A,0.00%,2024-08-01
BIRK,"Birkenstock Holding Plc",10634878000,0,0.35,80180000,N/A,N/A,0.00%,2024-05-30
BJ,"Bj's Wholesale Club Holdings Inc",11674410000,22.02,3.91,523740000,0.23,N/A,0.00%,2024-08-27
BK,"Bank of New York Mellon Corp",44779220000,11.58,5.22,3286000000,1.09,1.68,2.81%,2024-07-12
BKNG,"Booking Holdings Inc",133342128000,24.13,162.33,4289000000,1.38,17.5,0.45%,2024-08-01
BKR,"Baker Hughes Company",34151492000,19.7,1.75,1943000000,1.41,0.82,2.40%,2024-07-25
BLD,"Topbuild Corp",11990931000,18.79,20.18,614250000,1.76,N/A,0.00%,2024-08-01
BLDR,"Builders Firstsource",16184758000,9.38,14.33,1540560000,2.04,N/A,0.00%,2024-08-07
BLK,"Blackrock Inc",117483160000,19.9,39.66,5502000000,1.32,20.2,2.56%,2024-07-15
BMRN,"Biomarin Pharmaceuticals",15465726000,59.98,1.35,167650000,0.32,N/A,0.00%,2024-07-29
BMY,"Bristol-Myers Squibb Company",80394784000,38.15,1.05,8025000000,0.44,2.94,7.41%,2024-07-26
BOKF,"Bok Financial Corp",5695383000,11.3,8,530750000,1.19,2.19,2.48%,2024-07-22
BPOP,"Popular Inc",6189375000,11.18,7.81,541340000,0.8,2.41,2.81%,2024-07-24
BR,"Broadridge Financial Solutions Llc",23886540000,26.78,7.45,630600000,1.04,3.2,1.58%,2024-08-13
BRBR,"Bellring Brands Inc Cl A",7905605000,36.26,1.63,165500000,0.84,N/A,0.00%,2024-08-05
BRK.B,"Berkshire Hathaway Cl B",886150784000,21.71,18.69,96223000000,0.86,N/A,0.00%,2024-08-02
BRKR,"Bruker Corp",8959903000,25.03,2.47,427200000,1.2,0.2,0.32%,2024-08-01
BRO,"Brown & Brown",25820738000,28.95,3.11,870500000,0.82,0.505,0.56%,2024-07-22
BROS,"Dutch Bros Inc Cl A",7461008000,207.6,0.2,1720000,2.53,N/A,0.00%,2024-08-13
BRX,"Brixmor Property Group Inc",6809358000,10.98,0.93,305090000,1.57,1.078,4.77%,2024-07-29
BSX,"Boston Scientific Corp",112086128000,35.57,2.14,1591000000,0.78,N/A,0.00%,2024-07-24
BSY,"Bentley Systems Inc Cl B",14273150000,62.61,0.79,326710000,1.03,0.22,0.44%,2024-08-13
BURL,"Burlington Stores Inc",15042511000,35.08,6.66,339650000,1.61,N/A,0.00%,2024-08-22
BWA,"Borgwarner Inc",7135886000,7.49,4.26,625000000,1.22,0.44,1.40%,2024-07-31
BWXT,"Bwx Technologies Inc",8693909000,30.9,3.09,245850000,0.69,0.94,0.99%,2024-08-05
BX,"Blackstone Inc",87701360000,31.16,3.96,1390880000,1.5,3.36,2.74%,2024-07-18
BXP,"Bxp Inc",9470658000,8.46,1.22,190220000,1.18,3.92,6.50%,2024-08-06
BYD,"Boyd Gaming Corp",5128101000,8.83,6.11,620020000,1.58,0.66,1.22%,2024-07-25
C,"Citigroup Inc",122133376000,12.14,5.31,9228000000,1.46,2.12,3.31%,2024-07-12
CACC,"Credit Acceptance",6316613000,12.74,40.73,286100000,1.44,N/A,0.00%,2024-08-06
CACI,"Caci International",9430535000,21.61,19.76,384740000,0.92,N/A,0.00%,2024-08-14
CAG,"Conagra Brands Inc",13500499000,10.5,2.68,683600000,0.32,1.4,4.96%,2024-07-11
CAH,"Cardinal Health",23355640000,13.33,7.18,261000000,0.61,2.007,2.09%,2024-08-20
CAR,"Avis Budget Group",3748281000,3.39,31.68,1632000000,2.21,N/A,0.00%,2024-07-29
CARR,"Carrier Global Corp",56980000000,22.42,2.83,1349000000,1.32,0.755,1.19%,2024-07-25
CART,"Maplebear Inc [Instacart]",9126822000,0,-19.99,-1622000000.,N/A,N/A,0.00%,2024-08-14
CASY,"Casey's General Stor",13707319000,27.57,13.43,501970000,0.8,1.72,0.47%,2024-06-11
CAT,"Caterpillar Inc",160580560000,15.1,21.9,10335000000,1.12,5.2,1.58%,2024-08-06
CAVA,"Cava Group Inc",10831519000,231.51,0.41,13280000,N/A,N/A,0.00%,2024-08-20
CB,"Chubb Ltd",102534464000,10.78,23.58,9028000000,0.66,3.49,1.38%,2024-07-23
CBOE,"CBOE Global Markets Inc",17841478000,21.23,8.05,761400000,0.65,2.2,1.30%,2024-08-02
CBRE,"CBRE Group Inc",26758120000,23.62,3.7,986000000,1.4,N/A,0.00%,2024-07-25
CBSH,"Commerce Bancshares",7127071000,15.47,3.58,477060000,0.76,1.067,1.94%,2024-07-18
CC,"Chemours Company",3292069000,9.57,2.37,-238000000.,1.8,1,4.52%,2024-07-25
CCCS,"CCC Intelligent Solutions Hldgs Inc",6911414000,92.5,0.12,-92480000.,0.62,N/A,0.00%,2024-08-06
CCI,"Crown Castle Inc",41744624000,13.13,3.2,1502000000,0.83,6.26,6.52%,2024-07-17
CCK,"Crown Cork & Seal Company",8636541000,12.8,5.67,450000000,0.85,0.98,1.37%,2024-07-22
CCL,"Carnival Corp",19317448000,22.96,0.76,-75000000.,2.68,N/A,0.00%,2024-06-25
CDNS,"Cadence Design Sys",87477752000,81.73,3.86,1041140000,1.03,N/A,0.00%,2024-07-22
CDW,"CDW Corp",29070288000,23.1,9.44,1104300000,1.04,2.45,1.13%,2024-08-07
CE,"Celanese Corp",14436699000,14.99,8.99,1960000000,1.3,2.8,2.12%,2024-08-01
CEG,"Constellation Energy Corp",66606000000,32.17,6.53,1623000000,0.71,1.269,0.60%,2024-08-01
CELH,"Celsius Holdings Inc",13336895000,63.21,0.91,226800000,1.9,N/A,0.00%,2024-08-13
CERE,"Cerevel Therapeutics Hldg Inc",7462708000,0,-2.73,-432840000.,1.4,N/A,0.00%,2024-08-07
CERT,"Certara Inc",2287159000,51.26,0.27,-55360000.,1.52,N/A,0.00%,2024-08-06
CF,"Cf Industries Holdings",12820329000,11.53,6.07,1525000000,0.95,1.8,2.57%,2024-08-07
CFG,"Citizens Financial Group Inc/Ri",16034905000,13.06,2.76,1608000000,1.1,1.68,4.77%,2024-07-17
CFLT,"Confluent Inc Cl A",9315743000,0,-1.08,-442750000.,0.91,N/A,0.00%,2024-08-07
CFR,"Cullen/Frost Bankers",6280185000,10.73,9.18,597970000,1.03,3.68,3.77%,2024-07-25
CG,"The Carlyle Group",14499606000,11.21,3.62,-608400000.,1.75,1.4,3.47%,2024-08-07
CGNX,"Cognex Corp",8116180000,81.31,0.58,113230000,1.42,0.295,0.62%,2024-08-01
CHD,"Church & Dwight Company",26063704000,32.27,3.27,755600000,0.52,1.113,1.04%,2024-08-02
CHDN,"Churchill Downs IN",10259092000,27.45,5.1,417300000,0.97,0.382,0.27%,2024-07-24
CHE,"Chemed Inc",8145080000,25.34,21.31,272510000,0.43,1.6,0.30%,2024-07-24
CHH,"Choice Hotels International",5715383000,18.7,6.29,258510000,1.23,1.15,0.97%,2024-08-13
CHK,"Chesapeake Energy Corp",10786561000,23.23,3.6,2419000000,0.47,2.44,2.96%,2024-08-06
CHRD,"Chord Energy Corp",7066964000,9.12,19.04,1023780000,1.01,10.05,5.93%,2024-08-07
CHRW,"C.H. Robinson Ww",10127546000,28.23,3.1,325130000,0.8,2.44,2.82%,2024-08-07
CHTR,"Charter Communications Inc",43466808000,9.74,30.92,4557000000,1.04,N/A,0.00%,2024-07-26
CI,"The Cigna Group",90653696000,12.44,26.16,5164000000,0.52,5.26,1.65%,2024-08-01
CIEN,"Ciena Corp",6721083000,33.54,1.4,254830000,0.95,N/A,0.00%,2024-08-29
CINF,"Cincinnati Financial",18113758000,16.99,6.87,1843000000,0.65,3.12,2.70%,2024-07-25
CIVI,"Civitas Resources Inc",6769155000,8.55,8.22,784290000,1.47,6.28,9.29%,2024-08-01
CL,"Colgate-Palmolive Company",79623800000,28.54,3.36,2300000000,0.39,1.94,2.00%,2024-07-26
CLF,"Cleveland-Cliffs Inc",7436445000,11.73,1.36,399000000,2.03,N/A,0.00%,2024-07-22
CLH,"Clean Harbors",12004852000,32.41,6.92,377860000,1.21,N/A,0.00%,2024-08-07
CLVT,"Clarivate Analytics Plc",3735450000,8.42,0.67,-911200000.,1.15,N/A,0.00%,2024-08-01
CLX,"Clorox Company",16544326000,21.97,6.03,149000000,0.39,4.8,3.60%,2024-08-07
CMA,"Comerica Inc",6620070000,7.63,6.6,881000000,1.25,2.84,5.69%,2024-07-19
CMCSA,"Comcast Corp A",148548480000,9.3,4.09,15389000000,1,1.2,3.17%,2024-07-23
CME,"CME Group Inc",70716768000,20.81,9.42,3226200000,0.52,9.75,4.96%,2024-07-24
CMG,"Chipotle Mexican Grill",86177712000,64.5,0.96,1228740000,1.24,N/A,0.00%,2024-07-24
CMI,"Cummins Inc",36469648000,14.21,19.15,735000000,0.99,6.72,2.52%,2024-08-01
CMS,"Cms Energy Corp",17564912000,17.42,3.38,887000000,0.38,2.005,3.40%,2024-07-25
CNA,"CNA Financial Corp",12140675000,9.38,4.82,1205000000,0.64,3.72,8.31%,2024-07-29
CNC,"Centene Corp",35418752000,9.8,6.81,2702000000,0.5,N/A,0.00%,2024-07-26
CNH,"CNH Industrial N.V.",12134701000,5.87,1.69,2371000000,1.55,0.47,4.87%,2024-07-26
CNM,"Core & Main Inc Cl A",9740542000,22.85,2.14,371000000,1.06,N/A,0.00%,2024-06-04
CNP,"Centerpoint Energy Inc",19505184000,19.57,1.55,917000000,0.92,0.79,2.59%,2024-07-30
CNXC,"Concentrix Corp",4189832000,6.36,10.38,313840000,0.6,1.183,1.86%,2024-06-26
COF,"Capital One Financial Corp",51707200000,10.31,13.42,4887000000,1.45,2.4,1.76%,2024-07-23
COHR,"Coherent Corp",11367490000,91.19,0.81,-259460000.,1.65,N/A,0.00%,2024-08-20
COIN,"Coinbase Global Inc Cl A",54928872000,99.53,2.26,94870000,3.4,N/A,0.00%,2024-08-01
COKE,"Coca-Cola Consolidated Inc",10100443000,16.38,66.66,408380000,0.78,2,0.19%,2024-08-07
COLB,"Columbia Banking Sys",4005401000,7.27,2.69,348720000,0.66,1.44,7.53%,2024-07-25
COLD,"Americold Realty Trust",7367998000,19.47,-1.14,-336220000.,0.59,0.88,3.39%,2024-08-01
COLM,"Columbia Sprtswr",4502884000,17.37,4.41,251400000,0.94,1.2,1.58%,2024-08-06
COO,"Cooper Companies",17104408000,25.11,3.41,294200000,0.98,N/A,0.00%,2024-05-30
COP,Conocophillips,131631056000,13.61,8.43,10957000000,1.23,3.25,2.89%,2024-08-01
COR,"Cencora Inc",44413968000,17.3,12.86,1745290000,0.45,2.015,0.90%,2024-08-07
COST,"Costco Wholesale",392648480000,54.5,15.83,6292000000,0.78,4.64,0.52%,2024-05-30
COTY,"Coty Inc",8513501000,24.33,0.4,508200000,1.91,N/A,0.00%,2024-08-27
CPAY,"Corpay Inc",19006358000,16.65,16.06,981890000,1.2,N/A,0.00%,2024-08-13
CPB,"Campbell Soup Company",13470755000,15.21,2.96,858000000,0.16,1.48,3.28%,2024-08-29
CPNG,"Coupang Inc Cl A",38745700000,80.42,0.26,1360000000,1.09,N/A,0.00%,2024-08-13
CPRI,"Capri Holdings Ltd",3894910000,9.55,3.49,-229000000.,2.01,N/A,0.00%,2024-08-08
CPRT,"Copart Inc",52175796000,38.49,1.4,1237740000,1.27,N/A,0.00%,2024-05-16
CPT,"Camden Property Trust",11475951000,15.74,4.08,403310000,0.88,4.06,3.77%,2024-08-01
CR,"Crane Company",8164449000,34.03,4.25,255900000,0.8,0.77,0.54%,2024-07-23
CRH,"CRH Plc ADR",50587496000,0,1.27,3178000000,1.3,1.523,2.07%,2024-05-10
CRI,"Carter's Inc",2247974000,9.86,6.26,232500000,1.22,3.1,5.03%,2024-07-26
CRL,"Charles River Laboratories Intl",10284485000,19.86,10.14,474620000,1.38,N/A,0.00%,2024-08-14
CRM,"Salesforce Inc",255031120000,37.66,6.93,4136000000,1.29,0.4,0.15%,2024-05-29
CROX,"Crocs Inc",8713163000,11.89,12.44,792570000,2,N/A,0.00%,2024-07-25
CRUS,"Cirrus Logic Inc",6911215000,24.97,5.15,274570000,0.94,N/A,0.00%,2024-08-01
CRWD,"Crowdstrike Holdings Inc",94832912000,586.64,0.66,89330000,1.1,N/A,0.00%,2024-06-04
CSCO,"Cisco Systems Inc",187944224000,13.73,3.43,12613000000,0.85,1.58,3.39%,2024-08-21
CSGP,"Costar Group Inc",29870218000,83.9,0.88,374700000,0.81,N/A,0.00%,2024-07-23
CSL,"Carlisle Companies Inc",19370816000,23.03,17.75,765800000,0.9,3.4,0.84%,2024-07-24
CSX,"CSX Corp",65099072000,18.43,1.82,3715000000,1.2,0.46,1.38%,2024-07-18
CTAS,"Cintas Corp",72213232000,48.53,14.48,1348010000,1.31,5.4,0.76%,2024-07-18
CTLT,"Catalent Inc",10266995000,0,-0.59,-256000000.,1.16,N/A,0.00%,2024-06-10
CTRA,"Coterra Energy Inc",19521230000,14.61,1.84,1625000000,0.24,0.82,3.13%,2024-08-01
CTSH,"Cognizant Tech Sol",33809532000,14.98,4.56,2126000000,1.05,1.18,1.74%,2024-08-07
CTVA,"Corteva Inc",36549420000,21.78,2.41,735000000,0.77,0.64,1.22%,2024-07-31
CUBE,Cubesmart,10027002000,16.51,1.8,410760000,0.8,2.02,4.53%,2024-08-01
CUZ,"Cousins Properties Inc",3406413000,4.85,0.49,82960000,1.3,1.28,5.71%,2024-07-25
CVNA,"Carvana Company Cl A",25938704000,0,-1.73,450000000,3.37,N/A,0.00%,2024-07-31
CVS,"CVS Corp",71079216000,7.22,7.85,8344000000,0.52,2.54,4.49%,2024-08-07
CVX,"Chevron Corp",284388096000,12.53,12.51,21369000000,1.1,6.28,4.07%,2024-08-02
CW,"Curtiss-Wright Corp",10388218000,27.67,9.84,354510000,1.18,0.81,0.30%,2024-08-07
CWEN,"Clearway Energy Inc Cl C",4970721000,36.92,0.66,79000000,0.86,1.599,6.50%,2024-08-13
CWE.A,"Clearway Energy Inc [Cwen.A]",N/A,N/A,N/A,0,N/A,N/A,N/A,N/A
CXT,"Crane Nxt CO",3250526000,14.53,4.05,188300000,1.34,0.64,1.12%,2024-08-05
CZR,"Caesars Entertainment Inc",8046347000,139.74,0.27,786000000,2.98,N/A,0.00%,2024-07-30
D,"Dominion Energy Inc",41134192000,23,2.14,1994000000,0.58,2.67,5.44%,2024-08-02
DAL,"Delta Air Lines Inc",29697260000,7.36,6.44,4609000000,1.35,0.4,0.87%,2024-07-11
DAR,"Darling International Inc",5772851000,10.74,3.44,647730000,1.26,N/A,0.00%,2024-08-13
DASH,"Doordash Inc Cl A",45373096000,0,-1.08,-558000000.,1.67,N/A,0.00%,2024-08-01
DAY,"Dayforce Inc",8027636000,64.89,0.79,54800000,1.27,N/A,0.00%,2024-08-07
DBX,"Dropbox Inc",7373187000,17.54,1.29,453600000,0.65,N/A,0.00%,2024-08-01
DCI,"Donaldson Company",8436778000,21.81,3.26,358800000,1.05,1.02,1.46%,2024-06-04
DD,"Dupont Denemours Inc",33026036000,23.09,3.43,423000000,1.34,1.48,1.87%,2024-08-07
DDOG,"Datadog Inc Cl A",45010184000,328.75,0.4,48570000,1.11,N/A,0.00%,2024-08-13
DDS,Dillard's,6989057000,10.25,42.06,738850000,0.9,1,0.23%,2024-08-08
DE,"Deere & Company",99213472000,10.92,33.22,10166000000,0.93,5.76,1.60%,2024-08-16
DECK,"Deckers Outdoor Corp",23898170000,31.95,29.29,759560000,1.06,N/A,0.00%,2024-07-25
DELL,"Dell Technologies Inc",98564888000,23.5,6.07,3211000000,0.92,1.555,1.12%,2024-08-29
DFS,"Discover Financial Services",32322776000,15.06,8.77,2940000000,1.44,2.8,2.17%,2024-07-17
DG,"Dollar General Corp",28190540000,18.26,6.87,1661270000,0.43,2.36,1.84%,2024-08-29
DGX,"Quest Diagnostics Inc",15602871000,16.18,8.71,854000000,0.89,2.88,2.05%,2024-07-23
DHI,"D.R. Horton",44641536000,9.26,14.69,4745700000,1.71,1.15,0.85%,2024-07-18
DHR,"Danaher Corp",177209360000,29.7,8.08,4764000000,0.83,1.08,0.45%,2024-07-23
DINO,"HF Sinclair Corp",9734672000,6.43,8.24,1589670000,1.19,1.9,3.75%,2024-08-01
DIS,"Walt Disney Company",178639984000,23.04,4.28,2354000000,1.4,0.3,0.31%,2024-08-14
DJT,"Trump Media & Technology Group Corp",5154369000,0,-3.61,-21890000.,5.93,N/A,0.00%,2024-08-19
DKNG,"Draftkings Inc",32222652000,0,-1.18,-802140000.,1.81,N/A,0.00%,2024-08-01
DKS,"Dick's Sporting Goods Inc",16403935000,15.61,12.82,1046520000,1.65,4.2,2.09%,2024-08-27
DLB,"Dolby Laboratories",7650508000,32.26,2.48,200660000,0.99,1.17,1.47%,2024-08-01
DLR,"Digital Realty Trust",47313944000,22.99,3.6,948840000,0.59,4.88,3.22%,2024-07-25
DLTR,"Dollar Tree Inc",22930224000,18.08,5.86,-998400000.,0.88,N/A,0.00%,2024-08-22
DNB,"Dun & Bradstreet Holdings Inc",4046434000,10.7,0.86,-47000000.,1.16,0.2,2.19%,2024-08-01
DOC,"Healthpeak Properties Inc",13885599000,10.76,0.35,306010000,1.11,1.2,6.08%,2024-07-25
DOCS,"Doximity Inc Cl A",5099215000,34.25,0.77,147580000,1.22,N/A,0.00%,2024-08-13
DOCU,"Docusign Inc",11148834000,72.17,0.75,73980000,0.94,N/A,0.00%,2024-06-06
DOV,"Dover Corp",24281130000,20.11,8.8,1056830000,1.22,2.04,1.15%,2024-07-23
DOW,"Dow Inc",36728448000,23.82,2.22,589000000,1.25,2.8,5.36%,2024-07-25
DOX,"Amdocs Ltd Ord",9223050000,14.42,5.42,540710000,0.74,1.828,2.33%,2024-08-07
DPZ,"Domino's Pizza Inc",17221304000,32.46,15.32,519120000,0.87,5.44,1.10%,2024-07-18
DRI,"Darden Restaurants",17333314000,16.36,8.89,1027600000,1.29,5.24,3.61%,2024-06-20
DT,"Dynatrace Inc",13288079000,73.57,0.61,154630000,1.04,N/A,0.00%,2024-08-07
DTE,"Dte Energy Company",22715472000,18,6.07,1397000000,0.66,4.013,3.66%,2024-07-25
DTM,"Dt Midstream Inc",6767526000,17.12,4.1,384000000,0.74,2.85,4.09%,2024-08-06
DUK,"Duke Energy Corp",77609088000,17.21,5.8,2841000000,0.45,4.1,4.08%,2024-08-13
DUOL,"Duolingo Inc Cl A",8326427000,199.81,0.97,16070000,0.73,N/A,0.00%,2024-08-13
DV,"Doubleverify Holdings Inc",3447946000,52.82,0.38,71470000,0.93,N/A,0.00%,2024-07-29
DVA,"Davita Healthcare Partners Inc",11966664000,15.03,9.18,691540000,0.87,N/A,0.00%,2024-08-01
DVN,"Devon Energy Corp",29722960000,8.91,5.4,3747000000,2.07,2.05,4.36%,2024-08-06
DXC,"Dxc Technology Company",3313418000,5.74,3.17,91000000,1.73,N/A,0.00%,2024-08-07
DXCM,"Dexcom Inc",45212696000,66.81,1.66,541500000,1.16,N/A,0.00%,2024-07-25
EA,"Electronic Arts Inc",36740516000,26.77,5.18,1273000000,0.79,0.76,0.55%,2024-07-30
EBAY,"Ebay Inc",26540740000,15.94,3.3,2767000000,1.31,1.04,1.97%,2024-07-24
ECL,"Ecolab Inc",68019920000,41.6,5.67,1372300000,1.11,2.24,0.94%,2024-07-30
ED,"Consolidated Edison Company",30872688000,16.49,5.38,2519000000,0.34,3.28,3.67%,2024-08-01
EEFT,"Euronet Worldwide",4682663000,14.97,6.88,279700000,1.45,N/A,0.00%,2024-07-23
EFX,"Equifax Inc",29943530000,35.46,6.78,545300000,1.56,1.56,0.64%,2024-07-17
EG,"Everest Re Group",15768736000,5.15,70.85,2517000000,0.63,7.25,2.00%,2024-07-31
EGP,"Eastgroup Properties",8358280000,21.91,4.61,200490000,0.98,5.08,2.93%,2024-07-23
EHC,"Encompass Health Corp",8583396000,22.18,3.88,352000000,0.89,0.6,0.70%,2024-08-06
EIX,"Edison International",27856118000,14.96,4.8,1407000000,0.91,2.298,3.17%,2024-07-25
EL,"Estee Lauder Companies",38133280000,52.43,2.03,1006000000,0.99,2.64,2.48%,2024-08-19
ELAN,"Elanco Animal Health Inc",7027268000,18.12,0.78,-1231000000.,1.42,N/A,0.00%,2024-08-05
ELF,"E.L.F. Beauty Inc",11201224000,77.4,2.61,127660000,1.46,N/A,0.00%,2024-08-08
ELS,"Equity Lifestyle Properties",11935744000,22.24,1.83,314210000,0.77,1.85,2.89%,2024-07-22
ELV,"Elevance Health Inc",123253584000,15.47,34.29,5987000000,0.84,6.22,1.17%,2024-07-17
EME,"Emcor Group",17037928000,24.41,15.2,632990000,1.06,0.79,0.22%,2024-07-25
EMN,"Eastman Chemical Company",11117831000,15.03,6.38,894000000,1.46,3.22,3.41%,2024-07-25
EMR,"Emerson Electric Company",62622064000,21.23,5.16,13219000000,1.32,2.095,1.91%,2024-08-07
ENOV,"Enovis Corp",2459519000,18.07,2.46,-33260000.,1.92,N/A,0.00%,2024-08-01
ENPH,"Enphase Energy Inc",13217160000,44.47,2.23,438940000,1.71,N/A,0.00%,2024-07-25
ENTG,"Entegris Inc",20976536000,52.69,2.67,180670000,1.25,0.4,0.29%,2024-08-01
EOG,"Eog Resources",71804392000,10.73,11.82,7594000000,1.3,4.97,3.98%,2024-08-01
EPAM,"Epam Systems Inc",10675331000,21.67,8.56,417080000,1.45,N/A,0.00%,2024-08-01
EPR,"Entertainment Properties Trust",3145726000,8.2,2.03,173050000,1.73,3.34,8.03%,2024-07-31
EQH,"Axa Equitable Holdings Inc",13146402000,8.08,0,1302000000,1.43,0.9,2.23%,2024-07-30
EQIX,"Equinix Inc",71605616000,23.12,9.97,969180000,0.68,16.19,2.15%,2024-08-07
EQR,"Equity Residential",25760330000,17.62,2.41,835440000,0.87,2.675,3.94%,2024-07-29
EQT,"Eqt Corp",16038621000,25.9,1.43,1735230000,1.12,0.623,1.72%,2024-07-23
ES,"Eversource Energy",20173644000,13,4.41,-442240000.,0.59,2.78,4.85%,2024-07-29
ESAB,"Esab Corp",5557799000,20.18,4.62,205290000,1.43,0.26,0.28%,2024-08-06
ESI,"Element Solutions Inc",6555093000,20.24,1.33,118100000,1.31,0.32,1.18%,2024-07-24
ESS,"Essex Property Trust",17480256000,17.73,8.18,405830000,0.86,9.52,3.50%,2024-07-30
ESTC,"Elastic N.V.",11684001000,0,-1.21,61720000,0.98,N/A,0.00%,2024-08-29
ETN,"Eaton Corp",126884520000,33.07,9.63,3218000000,1.02,3.6,1.13%,2024-08-06
ETR,"Entergy Corp",22500396000,15.73,6.71,2362310000,0.71,4.46,4.23%,2024-08-07
ETSY,"Etsy Inc",6834733000,21.33,2.73,307570000,2.02,N/A,0.00%,2024-08-07
EVR,"Evercore Partners Inc",8195260000,32.92,6.41,255480000,1.38,3.08,1.45%,2024-07-24
EVRG,"Evergy Inc",12144850000,14.99,3.5,731300000,0.6,2.54,4.81%,2024-08-02
EW,"Edwards Lifesciences Corp",55632032000,35.72,2.55,1402400000,1.11,N/A,0.00%,2024-07-24
EWBC,"East West Bancorp",9797059000,8.73,8.32,1161160000,1.32,2.06,2.93%,2024-07-23
EXAS,"Exact Sciences Cor",8224501000,0,-1.22,-204150000.,1.22,N/A,0.00%,2024-08-06
EXC,"Exelon Corp",34310860000,14.65,2.37,2328000000,0.52,1.48,4.31%,2024-08-07
EXEL,"Exelixis Inc",6700721000,34.31,0.64,207770000,0.54,N/A,0.00%,2024-08-06
EXP,"Eagle Materials Inc",7272699000,15.77,13.79,477640000,1.32,1,0.47%,2024-07-25
EXPD,"Expeditors Intl",17437558000,26.24,4.72,752880000,0.98,1.42,1.15%,2024-08-13
EXPE,"Expedia Group Inc",16846558000,15.57,7.98,797000000,1.78,N/A,0.00%,2024-08-01
EXR,"Extra Space Storage Inc",32681872000,19.13,4.58,803200000,0.83,7.49,4.85%,2024-07-30
F,"Ford Motor Company",51261604000,6.81,1.89,4347000000,1.62,0.78,6.07%,2024-07-24
FAF,"First American Corp",5443435000,14.39,3.71,216800000,1.28,2.12,4.04%,2024-07-24
FANG,"Diamondback Energy",36298352000,11.24,18.41,3143000000,1.9,9.26,4.55%,2024-08-05
FAST,"Fastenal Company",36162068000,31.03,2.02,1155000000,1.01,1.86,2.94%,2024-07-12
FBIN,"Fortune Brands Innovations Inc",7834949000,15.66,4.04,404500000,1.52,0.94,1.50%,2024-07-25
FCN,"Fti Consulting",7625877000,25.32,8.6,274890000,0.09,N/A,0.00%,2024-07-25
FCNCA,"First Citizens Bancs",24592736000,8.25,208.02,11466000000,0.83,5.67,0.33%,2024-07-25
FCX,"Freeport-Mcmoran Inc",74007968000,38.08,1.33,1848000000,1.92,0.6,1.16%,2024-07-18
FDS,"Factset Research Systems Inc",16138696000,26.65,15.64,468170000,0.75,3.98,0.94%,2024-06-21
FDX,"Fedex Corp",72347808000,16.49,17.81,4331000000,1.18,5.16,1.76%,2024-06-25
FE,"Firstenergy Corp",22203408000,15.25,2.52,1102000000,0.49,1.635,4.24%,2024-07-30
FERG,"Ferguson Plc",38534192000,20.04,9.48,1889000000,1.22,3.12,1.64%,2024-06-04
FFIV,"F5 Inc",10059406000,16.91,10.08,394950000,1.08,N/A,0.00%,2024-07-22
FHB,"First Hawaiian Inc",2627153000,11.79,1.74,234980000,0.99,1.04,5.06%,2024-07-26
FHN,"First Horizon Corp",8334268000,11.67,1.33,897000000,0.89,0.6,3.94%,2024-07-17
FI,"Fiserv Inc",88063696000,18.98,7.84,3068000000,0.92,N/A,0.00%,2024-07-24
FICO,"Fair Isaac and Company",38340356000,86.94,17.6,429380000,1.34,N/A,0.00%,2024-08-07
FIS,"Fidelity National Information Services",41952448000,16.74,4.53,-6654000000.,1.06,1.76,2.33%,2024-08-07
FITB,"Fifth Third Bancorp",24632458000,10.39,3.54,2349000000,1.24,1.4,3.89%,2024-07-19
FIVE,"Five Below Inc",5846887000,20.27,5.35,301110000,1.19,N/A,0.00%,2024-06-05
FIVN,"Five9 Inc",3167460000,0,-0.64,-81760000.,0.82,N/A,0.00%,2024-08-05
FIX,"Comfort Systems USA",10799475000,31.47,9.91,323400000,1.15,1.025,0.34%,2024-07-24
FLO,"Flowers Foods",4628232000,18.27,1.2,123420000,0.36,0.93,4.24%,2024-08-08
FLS,"Flowserve Corp",6144293000,20.85,2.28,186740000,1.42,0.82,1.76%,2024-08-06
FMC,"FMC Corp",6879968000,23.49,2.37,1321500000,0.84,2.32,4.21%,2024-07-31
FNB,"F.N.B. Corp",4824288000,8.99,1.51,485000000,0.99,0.48,3.58%,2024-07-17
FND,"Floor & Decor Holdings Inc",9972449000,46.85,2.07,245980000,1.73,N/A,0.00%,2024-08-01
FNF,"Fidelity National Financial",13142748000,13.01,3.75,517000000,1.35,1.89,3.93%,2024-08-13
FOUR,"Shift4 Payments Inc",6406543000,31.67,2.3,86200000,1.63,N/A,0.00%,2024-08-01
FOX,"Fox Corp Cl B",15010069000,9.54,3.4,1239000000,0.82,0.52,1.62%,2024-08-13
FOXA,"Fox Corp Cl A",16120889000,10.23,3.4,1239000000,0.77,0.52,1.51%,2024-08-13
FR,"First Industrial Realty Trust",6325900000,19.36,2.17,274820000,1.07,1.38,2.89%,2024-07-17
FRPT,"Freshpet Inc CS",6469896000,6623.51,0.02,-33610000.,1.36,N/A,0.00%,2024-08-05
FRT,"Federal Realty Investment Trust",8361663000,15.25,2.81,236990000,1.23,4.36,4.33%,2024-08-01
FSLR,"First Solar Inc",23775948000,23.58,9.8,830780000,1.44,N/A,0.00%,2024-07-30
FTI,"Technipfmc Plc",11201014000,39.21,0.67,56200000,1.52,0.2,0.77%,2024-07-25
FTNT,"Fortinet Inc",46668968000,41.31,1.47,1147800000,0.98,N/A,0.00%,2024-08-06
FTRE,"Fortrea Holdings Inc",2087490000,25.79,0.91,-3400000.,N/A,N/A,0.00%,2024-08-12
FTV,"Fortive Corp",25490420000,20.59,3.51,865800000,1.12,0.31,0.43%,2024-07-24
FWONA,"Liberty Media Formula One Sr A",15225438000,47.53,0,1815000000,N/A,N/A,0.00%,2024-08-02
FWONK,"Liberty Media Formula One Sr C",17115104000,53.47,0,1815000000,N/A,N/A,0.00%,2024-08-02
FYBR,"Frontier Communications Parent Inc",6410156000,237.45,0.11,29000000,1.08,N/A,0.00%,2024-08-02
G,"Genpact Ltd",5588348000,12.1,2.63,631260000,1.11,0.58,1.87%,2024-08-14
GD,"General Dynamics Corp",77282856000,23.24,12.26,3315000000,0.6,6.8,2.41%,2024-07-24
GDDY,"Godaddy Inc",20544218000,39.05,3.68,1374800000,1.14,N/A,0.00%,2024-08-01
GE,"GE Aerospace",175684448000,48.66,3.35,9480000000,1.21,1.12,0.70%,2024-07-23
GEHC,"GE Healthcare Technologies Inc",35175192000,19.36,3.99,1568000000,1.2,0.12,0.16%,2024-07-23
GEN,"Gen Digital Inc",15428238000,13.87,1.78,616000000,0.79,0.5,2.03%,2024-08-01
GEV,"GE Vernova Inc",48302176000,0,-0.41,-438000000.,N/A,N/A,0.00%,2024-07-25
GFS,"Globalfoundries Inc",29320792000,29.67,1.71,1020000000,1.56,N/A,0.00%,2024-08-13
GGG,"Graco Inc",13327918000,26.72,2.96,506510000,0.82,0.98,1.24%,2024-07-24
GILD,"Gilead Sciences Inc",83085936000,16.52,4.03,5665000000,0.18,3.04,4.56%,2024-08-08
GIS,"General Mills",35096220000,13.96,4.52,2496600000,0.09,2.36,3.75%,2024-06-26
GL,"Globe Life Inc",7518159000,7.56,10.9,970760000,0.81,0.93,1.14%,2024-07-24
GLOB,"Globant S.A.",7615449000,38.1,4.63,158540000,1.41,N/A,0.00%,2024-08-15
GLPI,"Gaming & Leisure",12111660000,11.95,2.71,734280000,0.98,2.98,6.68%,2024-07-25
GLW,"Corning Inc",32928436000,23.01,1.67,581000000,1.05,1.12,2.91%,2024-07-30
GM,"General Motors Company",53077364000,5.8,8.05,10127000000,1.43,0.42,0.90%,2024-07-23
GME,"Gamestop Corp",8492428000,348.14,0.07,6700000,-0.1,N/A,0.00%,2024-06-11
GMED,"Globus Medical Inc",9308179000,27.23,2.52,122870000,1.15,N/A,0.00%,2024-08-01
GNRC,"Generac Holdings Inc",8516266000,24.34,5.67,203090000,1.37,N/A,0.00%,2024-08-07
GNTX,"Gentex Corp",7733105000,17.87,1.89,428400000,0.93,0.6,1.79%,2024-07-26
GO,"Grocery Outlet Holding Corp",2197963000,33.58,0.64,79440000,0.09,N/A,0.00%,2024-08-13
GOOG,"Alphabet Cl C",2372241760000,28.74,6.52,73795000000,1.05,0.2,0.10%,2024-07-23
GOOGL,"Alphabet Cl A",2355434880000,28.5,6.52,73795000000,1.05,0.2,0.10%,2024-07-23
GPC,"Genuine Parts Company",18450152000,14.17,9.41,1316520000,0.92,3.9,2.94%,2024-07-23
GPK,"Graphic Packaging Holding Company",7765320000,9.14,2.81,723000000,0.85,0.4,1.58%,2024-07-30
GPN,"Global Payments Inc",24560156000,9.41,10.26,986230000,0.98,1,1.04%,2024-08-06
GPS,"Gap Inc",8727809000,13.05,1.83,502000000,2.38,0.45,1.93%,2024-08-22
GRAL,"Grail Inc",0,0,0,-1283652000.,N/A,N/A,0.00%,N/A
GRMN,"Garmin Ltd",31103190000,26.86,6,1289640000,0.98,2.94,1.82%,2024-07-31
GS,"Goldman Sachs Group",149865136000,18.27,25.61,8516000000,1.37,11,2.37%,2024-07-15
GTES,"Gates Industrial Corp Plc",4027866000,11.71,1.34,232900000,1.44,N/A,0.00%,2024-08-02
GTLB,"Gitlab Inc Cl A",8354962000,0,-0.83,-424170000.,0.46,N/A,0.00%,2024-06-03
GWRE,"Guidewire Software Inc",11519090000,0,-0.19,-111860000.,1.19,N/A,0.00%,2024-06-04
GWW,"W.W. Grainger",44777916000,24.97,36.66,1829000000,1.17,7.63,0.84%,2024-08-01
GXO,"Gxo Logistics Inc",5751845000,19.44,2.54,229000000,1.6,N/A,0.00%,2024-08-07
H,"Hyatt Hotels Corp",15063111000,52.07,2.87,220000000,1.51,0.6,0.40%,2024-08-06
HAL,"Halliburton Company",29303462000,10.62,3.18,2638000000,1.93,0.66,1.99%,2024-07-19
HAS,"Hasbro Inc",7878234000,18.28,3.12,-1489300000.,0.62,2.8,4.95%,2024-08-01
HAYW,"Hayward Holdings Inc",2593336000,22.61,0.54,80690000,1.21,N/A,0.00%,2024-08-07
HBAN,"Huntington Bancshares Inc",18608422000,10.35,1.26,1951000000,1.06,0.62,4.83%,2024-07-19
HCA,"Hca Holdings Inc",83891048000,16.78,19.46,5242000000,1.68,2.52,0.79%,2024-07-23
HCP,"Hashicorp Inc Cl A",6777159000,0,-0.88,-190670000.,1.25,N/A,0.00%,2024-08-29
HD,"Home Depot",331774208000,22.38,14.91,15143000000,0.98,8.68,2.59%,2024-08-13
HEI,"Heico Corp",31474600000,68.89,3.31,403600000,1.2,0.21,0.09%,2024-08-26
HEI.A,"Heico Corp Cl A",24793556000,54.48,3.31,403600000,1.15,0.21,0.12%,2024-08-26
HES,"Hess Corp",45255056000,21.07,7.08,1382000000,1.16,1.75,1.19%,2024-07-31
HHH,"Howard Hughes Holdings Inc",3245726000,0,-1.02,-550950000.,1.45,N/A,0.00%,2024-08-13
HIG,"Hartford Financial Services Group",29193978000,10.41,9.57,2504000000,0.93,1.835,1.86%,2024-07-25
HII,"Huntington Ingalls Industries",9584978000,13.87,17.74,681000000,0.53,5.14,2.11%,2024-08-01
HIW,"Highwoods Properties",2752716000,7.08,1.22,148720000,1.27,2,7.70%,2024-07-23
HLI,"Houlihan Lokey",9343884000,29.99,4.49,280300000,0.67,2.22,1.63%,2024-07-25
HLT,"Hilton Inc",53612364000,33.2,6.51,1141000000,1.31,0.6,0.28%,2024-07-24
HOG,"Harley-Davidson Inc",4288051000,7.21,4.5,706590000,1.46,0.675,2.12%,2024-07-25
HOLX,"Hologic Inc",17293234000,19.19,3.83,456000000,0.99,N/A,0.00%,2024-07-29
HON,"Honeywell International Inc",138207712000,22.72,9.35,5658000000,1.04,4.27,2.01%,2024-07-25
HOOD,"Robinhood Markets Inc Cl A",19932002000,152.6,0.15,-541000000.,1.84,N/A,0.00%,2024-08-07
HPE,"Hewlett Packard Enterprise Comp",26708278000,15.09,1.37,2025000000,1.19,0.51,2.48%,2024-06-04
HPQ,"HP Inc",33887536000,10.28,3.39,3263000000,1.09,1.089,3.14%,2024-05-29
HR,"Healthcare Realty Trust Inc.",6492030000,10.72,-1.33,-278260000.,0.89,1.24,7.23%,2024-08-13
HRB,"H&R Block",7637871000,11.98,4.67,551430000,0.68,1.28,2.34%,2024-08-20
HRL,"Hormel Foods Corp",16608159000,18.78,1.61,793570000,0.24,1.115,3.68%,2024-08-29
HSIC,"Henry Schein Inc",8318193000,14.76,4.39,416000000,0.87,N/A,0.00%,2024-08-05
HST,"Host Marriott Financial Trust",12324169000,8.93,1.02,740000000,1.33,1.03,5.89%,2024-07-31
HSY,"Hershey Foods Corp",37240472000,18.94,9.7,1861790000,0.36,5.124,2.78%,2024-08-01
HUBB,"Hubbell Inc B",20011456000,24.25,15.31,759800000,0.9,4.78,1.28%,2024-07-23
HUBS,"Hubspot Inc",29927436000,0,-1.28,-176300000.,1.6,N/A,0.00%,2024-08-07
HUM,"Humana Inc",44443176000,15.22,23.84,2489000000,0.51,3.54,0.96%,2024-07-31
HUN,"Huntsman Corp",3760933000,224.9,0.1,101000000,1.01,0.975,4.48%,2024-07-29
HWM,"Howmet Aerospace Inc",32164822000,39.67,2,765000000,1.45,0.19,0.24%,2024-08-06
HXL,"Hexcel Corp",5387449000,36.99,1.75,105700000,1.28,0.55,0.85%,2024-07-18
IAC,"Iac Inc",3726955000,0,-2.72,265940000,1.32,N/A,0.00%,2024-08-13
IBKR,"Interactive Brokers",52205004000,20.82,6.03,600000000,0.81,0.55,0.44%,2024-07-16
IBM,"International Business Machines",161692512000,17.7,9.93,7502000000,0.71,6.65,3.78%,2024-07-24
ICE,"Intercontinental Exchange",80755032000,24.76,5.7,2368000000,1.06,1.74,1.24%,2024-08-01
IDA,"Idacorp Inc",4910048000,18.54,4.98,261200000,0.58,3.28,3.56%,2024-08-01
IDXX,"Idexx Laboratories",40137276000,46.22,10.33,845040000,1.32,N/A,0.00%,2024-08-06
IEX,"Idex Corp",14737059000,24.36,8.01,596100000,0.95,2.61,1.34%,2024-07-31
IFF,"International Flavors & Fragrances",24332396000,26.39,3.6,-2567000000.,1.26,2.42,2.54%,2024-08-05
ILMN,"Illumina Inc",17287236000,119.64,0.88,-1161000000.,1.15,N/A,0.00%,2024-08-14
INCY,"Incyte Corp",12872936000,20.02,2.88,597600000,0.73,N/A,0.00%,2024-08-06
INFA,"Informatica Inc Cl A",9206496000,82.27,0.37,-125280000.,1.07,N/A,0.00%,2024-08-07
INGR,"Ingredion Inc",7377410000,12.98,8.7,643000000,0.72,3.12,2.78%,2024-08-13
INSP,"Inspire Medical Systems Inc",4185389000,0,-0.55,-21150000.,1.31,N/A,0.00%,2024-08-06
INTC,"Intel Corp",136309136000,56.78,0.55,1689000000,1.05,0.5,1.56%,2024-07-25
INTU,"Intuit Inc",186947056000,57.48,11.48,2384000000,1.23,3.48,0.52%,2024-08-22
INVH,"Invitation Homes Inc",22075798000,20.01,0.87,519470000,0.99,1.36,3.77%,2024-07-24
IONS,"Ionis Pharmaceuticals",6727527000,0,-2.67,-366290000.,0.4,N/A,0.00%,2024-08-14
IP,"International Paper Company",14872756000,24.06,1.81,288000000,1.06,1.85,4.32%,2024-07-24
IPG,"Interpublic Group of Companies",10696196000,9.65,2.98,1098400000,1.12,1.28,4.52%,2024-07-19
IPGP,"Ipg Photonics Corp",3844117000,21.8,3.88,218880000,1.01,N/A,0.00%,2024-08-06
IQV,"Iqvia Holdings Inc",37915820000,21.86,9.46,1358000000,1.49,N/A,0.00%,2024-08-06
IR,"Ingersoll Rand Inc",36865616000,30.45,2.99,778700000,1.45,0.08,0.09%,2024-07-31
IRDM,"Iridium Comm Inc",3225154000,127.71,0.21,15420000,0.65,0.53,2.00%,2024-07-23
IRM,"Iron Mountain Inc",26850982000,22.17,1.8,184230000,0.98,2.6,2.84%,2024-08-01
ISRG,"Intuitive Surg Inc",157401680000,92.91,4.68,1798000000,1.39,N/A,0.00%,2024-07-18
IT,"Gartner Inc",35089532000,39.35,11.38,882470000,1.33,N/A,0.00%,2024-08-06
ITCI,"Intra-Cellular Ther",7343796000,0,-1.16,-139670000.,1.01,N/A,0.00%,2024-08-01
ITT,"ITT Inc",10447162000,23.41,5.46,410500000,1.41,1.218,0.96%,2024-08-01
ITW,"Illinois Tool Works Inc",69568976000,24.03,9.82,2957000000,1.1,5.6,2.40%,2024-08-06
IVZ,"Invesco Plc",6711479000,10.31,1.46,-96900000.,1.47,1.115,7.47%,2024-07-23
J,"Jacobs Engineering Group Inc",17121624000,18.1,7.65,665780000,0.7,1.1,0.80%,2024-08-13
JAZZ,"Jazz Pharma Plc",6386289000,7.17,14.43,414830000,0.58,N/A,0.00%,2024-08-14
JBHT,"J B Hunt Transport",16335051000,25.19,6.3,728290000,1.14,1.7,1.07%,2024-07-16
JBL,"Jabil Circuit",13092010000,13.64,8.07,818000000,1.27,0.32,0.29%,2024-06-20
JCI,"Johnson Controls Intl",44994820000,19.84,3.37,1849000000,1.28,1.48,2.22%,2024-08-07
JEF,"Jefferies Financial Group Inc",10746390000,23.63,2.16,277690000,1.34,1.2,2.37%,2024-06-26
JHG,"Janus Henderson Group Plc",5471755000,12.36,2.79,392000000,1.51,1.56,4.57%,2024-08-01
JKHY,"Jack Henry & Assoc",11887074000,31.84,5.14,366650000,0.63,2.14,1.31%,2024-08-20
JLL,"Jones Lang Lasalle Inc",9614456000,24.25,8.52,225400000,1.38,N/A,0.00%,2024-08-01
JNJ,"Johnson & Johnson",352530304000,13.93,10.46,35153000000,0.52,4.81,3.28%,2024-07-17
JNPR,"Juniper Networks",11933560000,26.93,1.35,310200000,0.95,0.88,2.40%,2024-07-25
JPM,"JP Morgan Chase & Company",588088896000,12.06,17.3,49552000000,1.12,4.4,2.15%,2024-07-12
JWN,Nordstrom,3572458000,11.93,1.81,134000000,2.62,0.76,3.48%,2024-08-22
K,Kellanova,19275420000,13.92,4.07,951000000,0.34,2.24,3.97%,2024-08-01
KBR,"KBR Inc",8581579000,21.83,2.95,-265000000.,0.9,0.57,0.89%,2024-07-24
KD,"Kyndryl Hldgs Inc",5974897000,0,-0.21,-340000000.,1.67,N/A,0.00%,2024-08-05
KDP,"Keurig Dr Pepper Inc",44273044000,17.88,1.83,2181000000,0.62,0.86,2.63%,2024-07-25
KEX,"Kirby Corp",7028491000,28.74,4.23,222940000,1.18,N/A,0.00%,2024-08-01
KEY,Keycorp,13152896000,13.85,1.03,967000000,1.26,0.82,5.88%,2024-07-18
KEYS,"Keysight Technologies Inc",23972932000,20.92,6.47,1057000000,0.95,N/A,0.00%,2024-08-15
KHC,"Kraft Heinz Company",38966824000,10.77,2.98,2855000000,0.53,1.6,4.99%,2024-08-07
KIM,"Kimco Realty Corp",12996958000,12.27,0.53,654270000,1.51,1.04,5.39%,2024-08-01
KKR,"KKR & Company LP",94135600000,36.2,2.93,3732260000,1.62,0.67,0.63%,2024-08-05
KLAC,"K L A-Tencor Corp",115145456000,37.82,22.56,3387280000,1.27,5.65,0.66%,2024-07-24
KMB,"Kimberly-Clark Corp",46563620000,19.9,6.91,1764000000,0.37,4.8,3.47%,2024-07-23
KMI,"Kinder Morgan",44143564000,17.98,1.11,2391000000,0.93,1.135,5.71%,2024-07-17
KMPR,"Kemper Corp",3792975000,51.83,1.15,-272100000.,0.89,1.24,2.10%,2024-08-05
KMX,"Carmax Inc",11172135000,28.47,2.56,479200000,1.69,N/A,0.00%,2024-06-21
KNSL,"Kinsale Capital Group Inc",8893058000,28.22,13.56,308090000,1.06,0.58,0.15%,2024-07-25
KNX,"Knight-Swift Transporation Inc",7988431000,45.07,1.11,217150000,0.94,0.6,1.21%,2024-07-24
KO,"Coca-Cola Company",274675200000,23.2,2.73,10714000000,0.59,1.89,2.96%,2024-07-23
KR,"Kroger Company",37412304000,10.84,4.68,2164000000,0.45,1.16,2.24%,2024-06-20
KRC,"Kilroy Realty Corp",3666576000,7.2,1.74,212240000,1.04,2.16,6.91%,2024-07-31
KSS,"Kohl's Corp",2478782000,8.65,2.48,317000000,1.95,2,8.97%,2024-08-28
KVUE,"Kenvue Inc",35060260000,15.01,1.22,1664000000,1.4,0.8,4.37%,2024-07-18
L,"Loews Corp",16330908000,11.04,6.74,1434000000,0.83,0.25,0.34%,2024-07-29
LAD,"Lithia Motors",6722144000,7.29,34.51,1000800000,1.63,2.03,0.83%,2024-07-24
LAMR,"Lamar Advertis A",12118625000,15.66,4.87,495760000,1.52,5.1,4.30%,2024-08-01
LAZ,"Lazard Inc",4459895000,23.5,1.66,-75480000.,1.4,2,5.06%,2024-07-25
LBRDA,"Liberty Broadband Corp Sr A",7732363000,9.21,5.89,688000000,1.03,N/A,0.00%,2024-08-02
LBRDK,"Liberty Broadband Corp Sr C",7769503000,9.26,5.89,688000000,1.01,N/A,0.00%,2024-08-02
LBTYA,"Liberty Global Ltd Ord A",6571088000,0,-6.47,-4051700000.,1.16,N/A,0.00%,2024-07-25
LBTYK,"Liberty Global Ltd Ord C",6712723000,0,-6.47,-4051700000.,1.12,N/A,0.00%,2024-07-25
LCID,"Lucid Group Inc",6759950000,0,-1.27,-2828420000.,1.04,N/A,0.00%,2024-08-05
LDOS,"Leidos Holdings Inc",19674698000,18.08,8.11,199000000,0.68,1.5,1.03%,2024-07-30
LEA,"Lear Corp",6436919000,9.27,12.41,572500000,1.47,3.08,2.72%,2024-07-25
LECO,"Lincoln Elec Holdings",10512046000,19.5,9.52,545250000,1.15,2.77,1.50%,2024-07-31
LEG,"Leggett & Platt Inc",1459652000,9.07,1.23,-136800000.,1.08,1.43,13.13%,2024-07-29
LEN,"Lennar Corp",39700204000,9.53,15.03,3938510000,1.6,2.25,1.58%,2024-06-17
LEN.B,"Lennar Corp Cl B",37125524000,8.91,15.03,3938510000,1.58,2.25,1.69%,2024-06-17
LFUS,"Littelfuse Inc",6181626000,25.58,9.87,259490000,1.29,2.6,1.04%,2024-08-06
LH,"Laboratory Corp of America Holdings",17246096000,14.79,13.78,418000000,1.05,2.88,1.41%,2024-08-01
LHX,"L3Harris Technologies Inc",42501596000,17.87,12.57,1227000000,0.72,4.6,2.05%,2024-07-25
LII,"Lennox International",19399048000,29.38,18.62,590100000,1.07,4.45,0.82%,2024-07-25
LIN,"Linde Plc",209440144000,29.78,14.54,6199000000,0.93,5.33,1.22%,2024-07-25
LITE,"Lumentum Holdings",3741660000,0,-0.33,-131600000.,0.88,N/A,0.00%,2024-08-15
LKQ,"LKQ Corp",11057865000,11.51,3.61,936000000,1.29,1.175,2.83%,2024-07-25
LLY,"Eli Lilly and Company",869211904000,123.37,7.28,5240400000,0.41,4.86,0.53%,2024-08-08
LLYVA,"Liberty Live Series A",3423983000,0,0,-142000000.,N/A,N/A,0.00%,2024-08-14
LLYVK,"Liberty Live Series C",3508367000,0,0,-142000000.,N/A,N/A,0.00%,2024-08-14
LMT,"Lockheed Martin Corp",110889752000,16.81,27.73,6920000000,0.46,12.45,2.69%,2024-07-23
LNC,"Lincoln National Corp",5248733000,6.21,5.07,-752000000.,1.84,1.8,5.83%,2024-08-01
LNG,"Cheniere Energy",39871888000,10.97,15.87,9881000000,0.96,1.7,0.98%,2024-08-01
LNT,"Alliant Energy Corp",13226592000,18.21,2.79,703000000,0.56,1.865,3.62%,2024-08-01
LNW,"Light & Wonder Inc",9344606000,29.84,3.49,163000000,1.79,N/A,0.00%,2024-08-07
LOAR,"Loar Holdings Inc",4837737000,0,11023.54,-4615000.,N/A,N/A,0.00%,2024-08-13
LOPE,"Grand Canyon Educati",4261753000,19.37,7.39,204990000,0.66,N/A,0.00%,2024-08-01
LOW,"Lowe's Companies",121882008000,17.13,12.45,7726000000,1.08,4.4,2.06%,2024-08-27
LPLA,"Lpl Financial Holdings",20620430000,18.14,15.4,1066250000,0.9,1.2,0.43%,2024-07-25
LPX,"Louisiana-Pacific Corp",5752491000,18.85,4.41,178000000,1.89,1,1.25%,2024-08-07
LRCX,"Lam Research Corp",142220064000,38.48,28.14,4510930000,1.48,8,0.74%,2024-07-24
LSCC,"Lattice Semicond",8435697000,46.89,1.33,259060000,1.39,N/A,0.00%,2024-07-29
LSTR,"Landstar System",6448246000,28.33,6.5,264390000,0.8,3.32,1.84%,2024-07-24
LSXMA,"Liberty Siriusxm Series A",7585742000,9.37,0,1815000000,N/A,N/A,0.00%,2024-08-02
LSXMK,"Liberty Siriusxm Series C",7579208000,9.4,0,829000000,N/A,N/A,0.00%,2024-08-02
LULU,"Lululemon Athletica",37268096000,23.03,13.04,1550190000,1.26,N/A,0.00%,2024-08-29
LUV,"Southwest Airlines Company",16122405000,19.31,1.48,465000000,1.15,0.72,2.67%,2024-07-25
LVS,"Las Vegas Sands",31359028000,18.26,2.33,1221000000,1.12,0.8,1.90%,2024-07-17
LW,"Lamb Weston Holdings Inc",11897819000,15.03,5.5,1008900000,0.74,1.28,1.55%,2024-07-24
LYB,"Lyondellbasell Industries NV",30471708000,12.38,7.69,2121000000,1.09,5.09,5.44%,2024-08-02
LYFT,"Lyft Inc Cl A",5378442000,0,-0.28,-340320000.,2.06,N/A,0.00%,2024-08-13
LYV,"Live Nation Entertainment",21903792000,90.28,1.05,315840000,1.34,N/A,0.00%,2024-07-25
M,"Macy's Inc",5428712000,5.62,3.19,105000000,2.18,0.678,3.45%,2024-08-27
MA,"Mastercard Inc",417852640000,35.1,12.77,11195000000,1.09,2.46,0.55%,2024-07-25
MAA,"Mid-America Apartment Communities",16215448000,15.31,4.77,552810000,0.85,5.74,4.14%,2024-07-31
MAN,"Manpower Inc",3275559000,13.03,5.35,88800000,1.47,3.01,4.38%,2024-07-18
MANH,"Manhattan Assoc",15258890000,80.46,3.06,176570000,1.5,N/A,0.00%,2024-07-23
MAR,"Marriot Int Cl A",68829192000,23.85,10.07,3083000000,1.6,2.19,0.91%,2024-08-06
MAS,"Masco Corp",14249786000,16.4,3.95,908000000,1.24,1.15,1.78%,2024-07-25
MASI,"Masimo Corp",6103166000,34.91,3.27,81500000,0.97,N/A,0.00%,2024-08-13
MAT,"Mattel Inc",5564097000,11.54,1.42,214350000,0.86,N/A,0.00%,2024-07-23
MCD,"McDonald's Corp",180956032000,20.82,12.01,8468800000,0.71,6.53,2.60%,2024-07-29
MCHP,"Microchip Technology",49468676000,20.3,4.61,1906900000,1.54,1.751,1.90%,2024-08-01
MCK,"Mckesson Corp",76371184000,21.27,27.42,3002000000,0.45,2.48,0.42%,2024-08-07
MCO,"Moody's Corp",78930680000,41.4,10.29,1607000000,1.28,3.24,0.75%,2024-07-23
MDB,"Mongodb Inc Cl A",19565642000,0,-2.83,-176600000.,1.13,N/A,0.00%,2024-08-29
MDLZ,"Mondelez Intl Inc",89844232000,19.69,3.37,4959000000,0.53,1.7,2.54%,2024-07-25
MDT,"Medtronic Inc",99516976000,14.81,5.21,3677000000,0.82,2.77,3.57%,2024-08-20
MDU,"Mdu Res Group Inc",5007489000,15.79,1.58,414710000,0.77,0.5,2.04%,2024-08-01
MEDP,"Medpace Holdings Inc",12467555000,41.09,9.81,282810000,1.36,N/A,0.00%,2024-07-22
MET,"Metlife Inc",49423048000,9.15,7.67,1578000000,1.11,2.105,3.03%,2024-08-07
META,"Meta Platforms Inc",1369500032000,28.88,17.66,39098000000,1.21,1,0.19%,2024-07-31
MGM,"MGM Resorts International",13500788000,14.28,3.03,1142180000,2.24,N/A,0.00%,2024-07-31
MHK,"Mohawk Industries",6950210000,11.81,9.3,-439520000.,1.38,N/A,0.00%,2024-07-25
MIDD,"Middleby Corp",6405501000,12.95,9.36,400880000,1.61,N/A,0.00%,2024-08-01
MKC,"Mccormick & Company",19025112000,24.78,2.82,680600000,0.75,1.62,2.29%,2024-06-27
MKL,"Markel Corp",19968576000,13.62,113.64,2002270000,0.73,N/A,0.00%,2024-08-07
MKSI,"Mks Instruments Inc",8990064000,26.31,5.13,-1841000000.,1.65,0.88,0.66%,2024-08-07
MKTX,"Marketaxess Holdings",7755620000,29.34,6.85,258060000,1.03,2.92,1.43%,2024-07-18
MLM,"Martin Marietta Materials",33084648000,27.92,19.1,1168900000,0.91,2.96,0.55%,2024-07-25
MMC,"Marsh & Mclennan Companies",105403520000,25.53,8.34,3756000000,0.94,2.84,1.33%,2024-07-18
MMM,"3M Company",56066540000,10.52,9.66,-6995000000.,0.95,2.8,2.76%,2024-07-23
MNST,"Monster Beverage Corp",51825968000,30.73,1.6,1630990000,0.76,N/A,0.00%,2024-08-01
MO,"Altria Group",79182552000,9.34,4.92,8130000000,0.66,3.92,8.50%,2024-07-31
MOH,"Molina Healthcare Inc",17180932000,14.24,20.81,1091000000,0.58,N/A,0.00%,2024-07-24
MORN,"Morningstar Inc",12864406000,45.81,6.58,141100000,1.17,1.56,0.52%,2024-07-24
MOS,"Mosaic Company",8743507000,8.94,3.08,1164900000,1.41,0.82,3.02%,2024-08-06
MP,"MP Materials Corp",2326010000,0,-0.04,24310000,2.22,N/A,0.00%,2024-08-01
MPC,"Marathon Petroleum Corp",60156996000,8.65,20.22,9681000000,1.4,3.225,1.89%,2024-08-06
MPW,"Medical Properties Trust",2514419000,2.78,-2.22,-556480000.,1.27,0.6,14.32%,2024-08-13
MPWR,"Monolithic Power Sys",40970684000,98.15,8.55,427370000,1.11,4.5,0.53%,2024-07-29
MRK,"Merck & Company",320273312000,58,2.17,365000000,0.38,3.04,2.40%,2024-07-30
MRNA,"Moderna Inc",45344956000,0,-7.53,-4714000000.,1.66,N/A,0.00%,2024-08-01
MRO,"Marathon Oil Corp",15894535000,11.55,2.49,1554000000,2.19,0.43,1.53%,2024-08-07
MRVL,"Marvell Technology Inc",62392448000,92.56,0.78,-933400000.,1.47,0.24,0.33%,2024-08-22
MS,"Morgan Stanley",161849968000,17.37,5.77,9087000000,1.38,3.4,3.41%,2024-07-16
MSA,"Msa Safety Inc",7255344000,25.41,7.28,58580000,0.99,1.92,1.04%,2024-07-29
MSCI,"MSCI Inc",39234888000,35.3,13.91,1148590000,1.1,5.96,1.20%,2024-07-23
MSFT,"Microsoft Corp",3475048960000,39.89,11.55,72361000000,0.89,2.93,0.63%,2024-07-23
MSGS,"Madison Square Garden Sports Corp",4663242000,197.64,0.98,47790000,0.96,N/A,0.00%,2024-08-15
MSI,"Motorola Solutions",64529916000,33.29,11.59,1709000000,0.94,3.82,0.99%,2024-08-01
MSM,"Msc Industrial Direct Company",4356008000,14.54,5.81,343230000,0.88,3.28,4.24%,2024-07-02
MSTR,"Microstrategy Cl A",22733856000,0,-9.27,429120000,3.11,N/A,0.00%,2024-08-06
MTB,"M&T Bank Corp",24442444000,9.9,15.07,2741000000,0.77,5.25,3.58%,2024-07-18
MTCH,"Match Group Inc",7815953000,12.83,2.3,651540000,1.49,N/A,0.00%,2024-08-06
MTD,"Mettler-Toledo International",28748230000,35.37,38.28,788780000,1.17,N/A,0.00%,2024-07-25
MTDR,"Matador Resources Company",7262196000,8.67,6.98,846070000,3.29,0.75,1.29%,2024-07-23
MTG,"Mgic Investment Corp",5715626000,8.2,2.64,712950000,1.28,0.46,2.15%,2024-07-31
MTN,"Vail Resorts",6557487000,23.46,7.35,268150000,1.14,8.56,4.91%,2024-06-06
MTSI,"Macom Technology S",8228130000,65.84,1.7,91580000,1.7,N/A,0.00%,2024-08-01
MTZ,"Mastec Inc",7991886000,50.69,2.03,-49950000.,1.65,N/A,0.00%,2024-08-01
MU,"Micron Technology",145923472000,0,-1.63,-5833000000.,1.18,0.46,0.35%,2024-06-26
MUSA,"Murphy USA Inc",9395821000,19,23.83,556800000,0.77,1.66,0.37%,2024-07-31
NBIX,"Neurocrine Bioscienc",13996594000,38.08,3.63,249700000,0.37,N/A,0.00%,2024-08-06
NCLH,"Norwegian Cruise Ord",7499636000,22.2,0.79,166180000,2.69,N/A,0.00%,2024-08-06
NCNO,"Ncino Inc",3625146000,312.6,0.1,-42350000.,0.59,N/A,0.00%,2024-05-29
NDAQ,"Nasdaq Inc",34730996000,21.71,2.77,1059000000,0.94,0.9,1.49%,2024-07-25
NDSN,"Nordson Corp",12977729000,24.32,9.36,487490000,0.91,2.72,1.20%,2024-08-19
NEE,"Nextera Energy",148111264000,22.1,3.25,7310000000,0.54,1.965,2.73%,2024-07-23
NEM,"Newmont Mining Corp",51326260000,24.97,1.74,-2494000000.,0.47,1.3,2.92%,2024-07-24
NET,"Cloudflare Inc Cl A",29548400000,0,-0.26,-183950000.,1.1,N/A,0.00%,2024-08-01
NEU,"Newmarket Corp",4884216000,12.51,41.57,388860000,0.47,9.5,1.87%,2024-07-29
NFE,"New Fortress Energy Llc",4088976000,7.95,2.56,547880000,1.49,0.4,2.01%,2024-08-13
NFG,"National Fuel Gas Company",4983794000,10.9,5.04,476870000,0.62,2,3.69%,2024-08-07
NFLX,"Netflix Inc",297670144000,47.36,14.41,5407990000,1.27,N/A,0.00%,2024-07-18
NI,"NiSource Inc",12794625000,17.05,1.68,714300000,0.5,1.03,3.61%,2024-08-07
NKE,"Nike Inc",113850952000,19,3.96,5700000000,1.01,1.45,1.92%,2024-06-27
NLY,"Annaly Capital Management Inc",9513364000,7.02,2.7,-1643170000.,1.54,2.6,13.68%,2024-07-24
NNN,"NNN REIT Inc",7762996000,12.87,2.18,392340000,1.07,2.26,5.34%,2024-08-07
NOC,"Northrop Grumman Corp",64335696000,18.13,24.11,2056000000,0.33,7.67,1.76%,2024-07-25
NOV,"Nov Inc",7127560000,12.17,1.52,993000000,1.7,0.225,1.25%,2024-07-25
NOW,"Servicenow Inc",165326336000,159.74,4.92,1731000000,0.99,N/A,0.00%,2024-07-24
NRG,"NRG Energy",16086008000,17.04,4.66,-202000000.,1.07,1.57,2.03%,2024-08-13
NSA,"National Storage Affiliates Tru",3054033000,15.49,1.91,156670000,0.95,2.24,5.50%,2024-08-05
NSC,"Norfolk Southern Corp",48765796000,19.81,10.92,1827000000,1.32,5.4,2.50%,2024-07-25
NTAP,"Netapp Inc",26566980000,25.54,5.1,986000000,1.27,2.52,1.95%,2024-08-28
NTNX,"Nutanix Inc",14823124000,390.87,0.15,-254560000.,1.16,N/A,0.00%,2024-08-29
NTRA,"Natera Inc",13844810000,0,-3.12,-434800000.,1.48,N/A,0.00%,2024-08-01
NTRS,"Northern Trust Corp",17007732000,13.11,6.44,1107300000,1.1,3,3.61%,2024-07-17
NU,"Nu Holdings Ltd Cl A",61099312000,42.86,0.29,1030530000,1.14,N/A,0.00%,2024-08-20
NUE,"Nucor Corp",36884984000,9.2,17,4524800000,1.57,2.13,1.38%,2024-07-22
NVDA,"Nvidia Corp",3095417920000,75.55,1.7,29760000000,1.68,0.022,0.02%,2024-08-28
NVR,"NVR Inc",23252332000,15.54,479.77,1591610000,1.17,N/A,0.00%,2024-07-23
NVST,"Envista Holdings Corp",2820190000,11.55,1.41,-100200000.,1.31,N/A,0.00%,2024-08-07
NVT,"Nvent Electric Plc",12597521000,24.47,3.16,567100000,1.31,0.73,0.96%,2024-07-26
NWL,"Newell Rubbermaid Inc",2516112000,7.38,0.85,-388000000.,0.89,0.28,4.62%,2024-07-26
NWS,"News Corp Cl B",16144955000,42.55,0.67,149000000,1.35,0.2,0.71%,2024-08-08
NWSA,"News Corp Cl A",15660549000,41.28,0.67,149000000,1.33,0.2,0.73%,2024-08-08
NXST,"Nexstar Media Group Inc",5519265000,14.17,11.82,346000000,1.5,6.08,3.63%,2024-08-08
NYT,"New York Times Company",8588536000,29.72,1.76,232390000,1.06,0.46,0.88%,2024-08-13
O,"Realty Income Corp",46229392000,12.92,1.08,872310000,0.96,3.088,5.82%,2024-08-05
OC,"Owens Corning Inc",14353864000,11.1,15.17,1196000000,1.42,2.24,1.35%,2024-07-24
ODFL,"Old Dominion Freight Line Inc",39713180000,32.02,5.69,1239500000,1,0.92,0.50%,2024-07-24
OGE,"Oge Energy Corp",7123465000,18.07,1.97,416800000,0.74,1.669,4.70%,2024-08-13
OGN,"Organon & Co.",5171709000,4.95,4.1,1023000000,0.85,1.12,5.57%,2024-08-13
OHI,"Omega Healthcare Investors",8369243000,12.02,1.11,242180000,0.97,2.68,7.91%,2024-08-07
OKE,"Oneok Inc",48004964000,19.26,4.3,2659000000,1.65,3.89,4.73%,2024-08-05
OKTA,"Okta Inc Cl A",16208574000,0,-1.44,-355000000.,1.03,N/A,0.00%,2024-05-29
OLED,"Universal Display",10356881000,47.39,4.6,203010000,1.42,1.5,0.69%,2024-08-01
OLLI,"Ollies Bargain CS",6031950000,30.87,3.14,181440000,0.9,N/A,0.00%,2024-08-29
OLN,"Olin Corp",5459928000,17.46,2.65,460200000,1.44,0.8,1.75%,2024-07-25
OMC,"Omnicom Group Inc",17409642000,11.83,7.54,1391400000,0.95,2.8,3.15%,2024-07-16
OMF,"Onemain Holdings Inc",5668164000,8.99,5.42,641000000,1.58,4.04,8.54%,2024-07-24
ON,"On Semiconductor",31570422000,14.39,5.05,2183700000,1.69,N/A,0.00%,2024-07-29
ONTO,"Onto Innovation Inc",11254146000,57.09,3.99,121160000,1.39,N/A,0.00%,2024-08-08
ORCL,"Oracle Corp",399131232000,32.3,4.47,10467000000,1.02,1.6,1.10%,2024-06-11
ORI,"Old Republic International Corp",8125089000,11.25,2.7,598700000,0.83,1.02,3.41%,2024-07-25
ORLY,"O'Reilly Automotive",60473536000,25.9,39.4,2346580000,0.92,N/A,0.00%,2024-07-24
OSK,"Oshkosh Truck Corp",6733687000,9.48,11.18,598000000,1.22,1.74,1.69%,2024-07-31
OTIS,"Otis Worldwide Corp",39170808000,26.66,3.62,1406000000,1.03,1.41,1.46%,2024-07-24
OVV,"Ovintiv Inc",12419956000,7.4,6.46,2085000000,2.63,1.2,2.58%,2024-07-25
OWL,"Blue Owl Capital Inc",25275542000,26.42,0.67,54340000,1.18,0.6,3.39%,2024-08-01
OXY,"Occidental Petroleum Corp",54785304000,19.18,3.25,4696000000,1.61,0.8,1.29%,2024-08-07
OZK,"Bank Ozk",4519250000,6.81,5.97,690780000,1.2,1.5,3.77%,2024-07-17
PAG,"Penske Automotive Group",9613186000,9.77,14.95,1053200000,1.18,3.34,2.32%,2024-07-24
PANW,"Palo Alto Networks Inc",110768736000,109.36,3.12,439700000,1.14,N/A,0.00%,2024-08-16
PARA,"Paramount Global Cl B",7871118000,10.81,1.06,-608000000.,1.78,0.2,1.69%,2024-08-05
PARAA,"Paramount Global Cl A",13356368000,18.96,1.06,-608000000.,1.68,0.2,0.98%,2024-08-05
PATH,"Uipath Inc Cl A",7583581000,0,-0.11,-89880000.,0.86,N/A,0.00%,2024-05-29
PAYC,"Paycom Software Inc",8249296000,17.87,8.01,340790000,1.16,1.5,1.06%,2024-08-06
PAYX,"Paychex Inc",42310056000,24.88,4.72,1690400000,1,3.65,3.11%,2024-06-26
PB,"Prosperity Bancshares",5696799000,12.66,4.78,419320000,0.91,2.23,3.76%,2024-07-24
PCAR,"Paccar Inc",52529816000,10.58,9.64,4600800000,0.92,4.31,4.30%,2024-07-23
PCG,"Pacific Gas & Electric Company",49609944000,13.15,1.31,2256000000,1.08,0.03,0.17%,2024-07-25
PCOR,"Procore Technologies Inc",10075939000,0,-0.66,-189690000.,0.75,N/A,0.00%,2024-08-07
PCTY,"Paylocity Holdings Corp",7609155000,35.52,3.72,140820000,0.92,N/A,0.00%,2024-08-01
PEG,"Public Service Enterprise Group Inc",36892784000,21.76,3.4,2563000000,0.59,2.34,3.16%,2024-07-30
PEGA,"Pegasystems Inc",4975105000,43.94,1.33,67810000,1.08,0.12,0.21%,2024-07-24
PEN,"Penumbra Inc",7019953000,78.16,2.27,90950000,0.55,N/A,0.00%,2024-07-30
PENN,"Penn Entertainment Inc",2990990000,0,-0.85,-490000000.,2.11,N/A,0.00%,2024-08-08
PEP,"Pepsico Inc",226001088000,21.03,7.73,9074000000,0.52,5.15,3.13%,2024-07-11
PFE,"Pfizer Inc",158947920000,19.51,1.42,2119000000,0.69,1.66,5.92%,2024-07-30
PFG,"Principal Financial Group Inc",18368676000,11.76,6.73,623200000,1.21,2.72,3.47%,2024-07-25
PFGC,"Performance Food Group Company",9918582000,16.14,3.99,397200000,1.42,N/A,0.00%,2024-08-21
PG,"Procter & Gamble Company",389917920000,24.97,6.56,14653000000,0.41,3.829,2.32%,2024-07-30
PGR,"Progressive Corp",123102000000,22.66,9.28,3902400000,0.35,1.25,0.59%,2024-07-11
PH,"Parker-Hannifin Corp",64977476000,20.76,24.7,2082940000,1.44,6.07,1.20%,2024-08-01
PHM,Pultegroup,21865050000,8.72,12.05,2602370000,1.61,0.76,0.73%,2024-07-23
PII,"Polaris Inc",4195599000,10.31,7.34,502800000,1.53,2.62,3.53%,2024-07-23
PINC,"Premier Inc Cl A",1926591000,8.24,2.23,175030000,0.42,0.84,4.57%,2024-08-27
PINS,"Pinterest Inc",29724724000,179.67,0.24,-35610000.,0.97,N/A,0.00%,2024-08-06
PK,"Park Hotels & Resorts Inc",3049459000,6.79,0.56,97000000,2.03,2.35,16.23%,2024-07-31
PKG,"Packaging Corp of America",15945430000,21.87,8.21,765200000,0.77,5,2.82%,2024-07-23
PLD,"Prologis Inc",105972096000,19.98,3.42,3059210000,1.06,3.66,3.20%,2024-07-17
PLNT,"Planet Fitness",6512901000,31.2,2.37,138310000,1.49,N/A,0.00%,2024-08-01
PLTK,"Playtika Holding Corp",2768615000,11.46,0.65,235000000,0.85,0.2,2.68%,2024-08-13
PLTR,"Palantir Technologies Inc Cl A",60638376000,235,0.11,209830000,2.71,N/A,0.00%,2024-08-05
PM,"Philip Morris International Inc",158751376000,16.54,6.13,7813000000,0.58,5.2,5.09%,2024-07-23
PNC,"PNC Bank",62276424000,11.71,13.48,5578000000,1.15,6.2,3.96%,2024-07-16
PNFP,"Pinnacle Finl Ptnrs",5943778000,11.52,6.79,562150000,1.08,0.88,1.14%,2024-07-16
PNR,"Pentair Ltd",12350599000,19.77,3.78,622700000,1.21,0.9,1.21%,2024-07-25
PNW,"Pinnacle West Capital Corp",8613449000,16.45,4.59,501560000,0.51,3.505,4.62%,2024-08-01
PODD,"Insulet Corp",13790876000,61.09,3.22,206300000,1.16,N/A,0.00%,2024-08-13
POOL,"Pool Corp",11490265000,24.01,12.54,523230000,1,4.5,1.50%,2024-07-25
POST,"Post Holdings Inc",6346989000,16.43,6.35,301300000,0.64,N/A,0.00%,2024-08-01
PPC,"Pilgrim's Pride",9020419000,16.25,2.38,321570000,0.78,N/A,0.00%,2024-07-24
PPG,"PPG Industries",29366436000,16.2,7.71,1270000000,1.26,2.6,2.08%,2024-07-18
PPL,"PPL Corp",20221482000,16.58,1.66,740000000,0.81,0.995,3.63%,2024-08-02
PR,"Permian Resources Corp",12357698000,11.99,1.4,476310000,4.37,0.57,3.55%,2024-08-07
PRGO,"Perrigo Company",3467981000,10.82,2.42,-12700000.,0.51,1.098,4.32%,2024-08-13
PRI,"Primerica Inc",8018105000,14.34,16.43,576600000,1.09,2.8,1.20%,2024-08-05
PRU,"Prudential Financial Inc",41945560000,9.81,12.08,2488000000,1.34,5.1,4.36%,2024-08-01
PSA,"Public Storage",50902264000,17.06,11.01,2148330000,0.65,12,4.14%,2024-08-07
PSN,"Parsons Corp",11687011000,33.73,2.39,161150000,0.81,N/A,0.00%,2024-08-07
PSTG,"Pure Storage Inc",21036136000,120.17,0.53,61310000,1.11,N/A,0.00%,2024-05-29
PSX,"Phillips 66",58674956000,10.41,13.49,7015000000,1.34,4.3,3.11%,2024-07-30
PTC,"Ptc Inc",22319260000,58.4,3.15,245540000,1.18,N/A,0.00%,2024-07-24
PVH,"Phillips-Van Heusen Corp",5795826000,9.47,11.05,663600000,2.14,0.15,0.14%,2024-06-04
PWR,"Quanta Services",36967364000,38.23,6.66,744690000,1.03,0.35,0.14%,2024-08-01
PYCR,"Paycor Hcm Inc",2289999000,85.6,0.15,-93220000.,0.41,N/A,0.00%,2024-08-21
PYPL,"Paypal Holdings",62511712000,14.95,3.99,4246000000,1.42,N/A,0.00%,2024-07-30
QCOM,"Qualcomm Inc",229616992000,28.11,7.25,7232000000,1.27,3.25,1.58%,2024-08-07
QDEL,"Quidelortho Corp",2093545000,11.53,2.69,-10100000.,0.07,N/A,0.00%,2024-08-13
QGEN,"Qiagen N.V.",9379143000,19.78,2.06,341300000,0.4,N/A,0.00%,2024-07-31
QRVO,"Qorvo Inc",11355942000,23.06,5.08,-70320000.,1.46,N/A,0.00%,2024-08-07
QS,"Quantumscape Corp",2522637000,0,-0.96,-445150000.,4.62,N/A,0.00%,2024-07-24
R,"Ryder System",5369051000,10.03,12.28,406000000,1.29,2.84,2.32%,2024-07-25
RARE,"Ultragenyx Pharmaceu",3398477000,0,-8.03,-606640000.,0.56,N/A,0.00%,2024-08-01
RBA,"Rb Global Inc",14078911000,46.55,1.66,206500000,0.91,1.08,1.40%,2024-08-01
RBC,"RBC Bearings Inc",7903191000,33.49,8.18,209900000,1.51,N/A,0.00%,2024-08-02
RBLX,"Roblox Corp Cl A",22871482000,0,-1.86,-1151950000.,1.59,N/A,0.00%,2024-08-01
RCL,"Royal Caribbean Cruises Ltd",40347176000,17.88,8.69,1697000000,2.62,N/A,0.00%,2024-07-25
RCM,"R1 Rcm Inc",4612742000,0,-0.08,3300000,0.85,N/A,0.00%,2024-08-07
REG,"Regency Centers Corp",11447060000,14.85,2.05,364560000,1.21,2.66,4.29%,2024-08-01
REGN,"Regeneron Pharmaceuticals",113957648000,27.6,37.11,3953600000,0.13,N/A,0.00%,2024-08-01
REXR,"Rexford Industrial Realty Inc",9915211000,20.18,1.09,238020000,0.92,1.595,3.50%,2024-07-17
REYN,"Reynolds Consumer Products Inc",5776694000,17.48,1.57,298000000,0.47,0.92,3.35%,2024-08-14
RF,"Regions Financial Corp",17867784000,9.75,2.04,2074000000,1.18,0.96,4.92%,2024-07-19
RGA,"Reinsurance Group of America Inc",13404461000,9.89,20.72,902000000,0.92,3.4,1.67%,2024-08-01
RGEN,"Repligen Corp",6709590000,88.15,1.37,41580000,0.95,N/A,0.00%,2024-08-07
RGLD,"Royal Gold Inc",8611023000,36.98,3.5,239440000,0.87,1.95,1.49%,2024-08-07
RH,"Rh Common Stock",4390277000,62.85,3.83,127560000,2.42,N/A,0.00%,2024-06-13
RHI,"Robert Half Inc",6638061000,19.06,3.34,411150000,1.25,2.02,3.19%,2024-07-23
RITM,"Rithm Capital Corp",5095858000,4.86,2.19,622260000,1.82,1,9.49%,2024-08-07
RIVN,"Rivian Automotive Inc Cl A",14720782000,0,-5.51,-5432000000.,2.08,N/A,0.00%,2024-08-06
RJF,"Raymond James Financial",24771676000,13.89,8.69,1739000000,1.02,1.77,1.48%,2024-07-24
RKT,"Rocket Companies Inc Cl A",27697800000,0,-0.05,-15510000.,2.43,N/A,0.00%,2024-08-01
RL,"Ralph Lauren Corp",10543391000,16.25,10.32,646300000,1.51,3.075,1.82%,2024-08-08
RLI,"Rli Corp",6309350000,26.53,5.2,304610000,0.41,3.1,2.25%,2024-07-22
RMD,"Resmed Inc",28608668000,26.12,7.25,897560000,0.66,1.92,0.99%,2024-08-01
RNG,"Ringcentral Inc",2572577000,0,-0.46,-165240000.,1.03,N/A,0.00%,2024-08-05
RNR,"Renaissancere Holdings Ltd",11182322000,5.17,41.07,2561130000,0.38,1.54,0.73%,2024-07-24
ROIV,"Roivant Sciences Ltd",7867389000,0,-1.25,4348930000,1.24,N/A,0.00%,2024-08-12
ROK,"Rockwell Automation Inc",30104770000,23.8,11.19,1387400000,1.37,4.93,1.87%,2024-08-06
ROKU,"Roku Inc",8949763000,0,-3.99,-709560000.,1.96,N/A,0.00%,2024-07-25
ROL,"Rollins Inc",24405192000,54.66,0.92,434960000,0.7,0.58,1.15%,2024-07-24
ROP,"Roper Industries",60219232000,32.55,17.22,1384200000,1.02,2.865,0.51%,2024-07-24
ROST,"Ross Stores Inc",48551844000,24.28,5.93,1874520000,1.08,1.405,0.97%,2024-08-15
RPM,"RPM International Inc",13634714000,22.63,4.74,478690000,1,1.8,1.70%,2024-07-25
RPRX,"Royalty Pharma Plc Cl A",15336209000,6.88,3.77,1134830000,0.46,0.82,3.19%,2024-08-13
RRC,"Range Resources Corp",8164398000,17.3,1.99,871140000,1.87,0.32,0.95%,2024-07-23
RRX,"Regal Rexnord Corp",8831061000,15.17,8.94,-57400000.,1.06,1.4,1.05%,2024-07-29
RS,"Reliance Inc",16108846000,13.12,21.52,1335900000,0.86,4.2,1.50%,2024-07-25
RSG,"Republic Services",61377100000,33.31,5.81,1731000000,0.69,2.14,1.10%,2024-07-24
RTX,"Rtx Corp",133442520000,19.49,5.17,3195000000,0.82,2.4,2.39%,2024-07-25
RVTY,"Revvity Inc",12778578000,22.2,4.62,693090000,1.05,0.28,0.27%,2024-08-06
RYAN,"Ryan Specialty Hldgs Inc",15100716000,39.09,1.47,61040000,0.62,0.45,0.78%,2024-08-01
RYN,"Rayonier Inc REIT",4146224000,70,0.4,173490000,1.05,1.34,4.81%,2024-08-07
S,"Sentinelone Inc Cl A",6366946000,0,-0.88,-338690000.,0.66,N/A,0.00%,2024-08-29
SAIA,"Saia Inc",12342942000,34.07,13.8,354860000,1.72,N/A,0.00%,2024-07-26
SAIC,"Science Applications International",5853141000,15.17,7.67,477000000,0.69,1.48,1.30%,2024-06-03
SAM,"Boston Beer Company",3527267000,33.2,8.93,76250000,1.03,N/A,0.00%,2024-07-25
SBAC,"SBA Communications",20503348000,14.52,5.1,501810000,0.65,3.66,1.92%,2024-07-29
SBUX,"Starbucks Corp",86141832000,20.95,3.64,4124500000,0.94,2.24,2.95%,2024-08-06
SCCO,"Southern Copper Corp",91199960000,38.56,3,2425200000,1.19,2.782,2.38%,2024-08-06
SCHW,"The Charles Schwab Corp",130096960000,25.21,2.94,5067000000,0.99,1,1.37%,2024-07-16
SCI,"Service Corp International",10150611000,20.43,3.43,537320000,0.84,1.17,1.68%,2024-08-06
SEB,"Seaboard Corp",2985726000,13.01,240.68,226000000,0.35,9,0.29%,2024-08-06
SEE,"Sealed Air Corp",4918875000,10.72,3.23,341600000,1.35,0.8,2.37%,2024-08-08
SEIC,"Sei Investments Company",8542848000,17.93,3.66,462260000,0.99,0.92,1.41%,2024-07-24
SF,"Stifel Financial Corp",8443399000,17.42,4.79,522540000,1.11,1.56,1.89%,2024-07-24
SHC,"Sotera Health Company",3326085000,16.18,0.72,51380000,2.06,N/A,0.00%,2024-08-01
SHW,"Sherwin-Williams Company",74974440000,28.39,10.47,2388800000,1.16,2.64,0.89%,2024-07-23
SIRI,"Sirius XM Holdings",14271005000,10.7,0.33,1258000000,1.08,0.104,2.80%,2024-08-01
SITE,"Siteone Landscape Supply",5264938000,34.21,3.45,173400000,1.52,N/A,0.00%,2024-08-07
SJM,"J.M. Smucker Company",11669768000,10.98,9.94,744000000,0.25,4.24,3.86%,2024-06-06
SKX,"Skechers U.S.A.",10102724000,17.72,3.8,545800000,1.25,N/A,0.00%,2024-07-25
SLB,"Schlumberger N.V.",65949656000,15.21,3.11,4203000000,1.55,1.05,2.28%,2024-07-19
SLGN,"Silgan Holdings",4411943000,12.65,3.31,325970000,0.67,0.74,1.79%,2024-07-24
SLM,"SLM Corp",4469024000,6.53,3.2,581390000,1.17,0.44,2.16%,2024-07-24
SMAR,"Smartsheet Inc Cl A",6052463000,0,-0.53,-104630000.,0.74,N/A,0.00%,2024-06-05
SMCI,"Super Micro Computer",47351756000,47.48,17.84,640000000,1.27,N/A,0.00%,2024-08-13
SMG,"Scotts Miracle-Gro Company",3561865000,99.23,0.64,-380100000.,1.76,2.64,4.21%,2024-08-07
SN,"Sharkninja Inc",10345469000,22.19,3.41,167080000,N/A,N/A,0.00%,2024-08-22
SNA,"Snap-On Inc",13461798000,13.59,18.9,1011100000,0.98,7.2,2.82%,2024-07-18
SNDR,"Schneider National Inc",4171662000,26.12,0.92,238500000,0.85,0.37,1.56%,2024-08-01
SNOW,"Snowflake Inc Cl A",47883096000,0,-2.42,-836100000.,0.85,N/A,0.00%,2024-08-28
SNPS,"Synopsys Inc",95193104000,64.1,9.47,1229890000,1.07,N/A,0.00%,2024-08-21
SNV,"Synovus Financial Corp",5785845000,11.24,3.59,543710000,1.4,1.52,3.85%,2024-07-17
SNX,"Synnex Corp",9773378000,10.2,11.13,626910000,1.52,1.5,1.37%,2024-06-25
SO,"Southern Company",85330968000,20.03,3.88,3976000000,0.51,2.82,3.61%,2024-08-01
SOFI,"Sofi Technologies Inc",6840233000,0,-0.05,-300740000.,1.7,N/A,0.00%,2024-07-30
SOLV,"Solventum Corporation",8618229000,0,2.08,692000000,N/A,N/A,0.00%,2024-08-08
SON,"Sonoco Products Company",4765416000,9.95,4.98,474960000,0.68,2.05,4.23%,2024-07-29
SPB,"Spectrum Brands Holdings Inc",2446643000,18.85,4.51,1801500000,1.19,1.68,2.00%,2024-08-09
SPG,"Simon Property Group",47617160000,11.12,7.85,2283130000,1.75,7.75,5.30%,2024-08-07
SPGI,"S&P Global Inc",141828176000,33.37,13.47,2626000000,1.16,3.62,0.80%,2024-07-30
SPOT,"Spotify Technology S.A.",60264872000,0,-0.67,-575780000.,1.59,N/A,0.00%,2024-07-23
SPR,"Spirit Aerosystems Holdings",3966265000,0,-6.33,-616100000.,1.84,N/A,0.00%,2024-08-07
SQ,"Block Inc",40588956000,111.1,0.58,9770000,2.52,N/A,0.00%,2024-08-01
SRCL,"Stericycle Inc",5415861000,29.65,1.97,-21400000.,1.11,N/A,0.00%,2024-07-25
SRE,Sempra,47972712000,16.74,4.49,3075000000,0.74,2.43,3.19%,2024-08-01
SRPT,"Sarepta Therapeutics",14342126000,1275.92,0.12,-535980000.,0.89,N/A,0.00%,2024-08-07
SSD,"Simpson Manufacturing Company",6848567000,20.58,7.98,353990000,1.32,1.09,0.67%,2024-07-22
SSNC,"SS&C Technologies",15385962000,14.7,4.27,607100000,1.38,0.96,1.54%,2024-07-25
ST,"Sensata Technologies Holding N.V.",5705455000,10.59,3.58,-3910000.,1.26,0.48,1.27%,2024-07-23
STAG,"Stag Industrial Inc",6563984000,15.55,1,192850000,1.09,1.475,4.09%,2024-07-30
STE,"Steris Corp",21752600000,25.1,8.66,378240000,0.83,2.08,0.95%,2024-08-06
STLD,"Steel Dynamics Inc",19550488000,8.73,14.56,2450880000,1.35,1.77,1.42%,2024-07-17
STT,"State Street Corp",22208816000,9.47,7.83,1944000000,1.48,2.76,3.74%,2024-07-16
STWD,"Starwood Property Trust",5943245000,9.19,2.06,339210000,1.69,1.92,10.21%,2024-08-01
STZ,"Constellation Brands Inc",47416400000,19.68,12.06,1727400000,1.75,0.93,1.42%,2024-07-03
SUI,"Sun Communities",14825214000,16.68,1.16,-201000000.,0.88,3.74,3.14%,2024-07-31
SWK,"Stanley Black & Decker Inc",12245690000,33.01,2.42,-281700000.,1.25,3.24,4.07%,2024-07-30
SWKS,"Skyworks Solutions",16936784000,16.1,6.5,982800000,1.23,2.72,2.58%,2024-08-05
SWN,"Southwestern Energy Company",7444204000,14.4,0.48,1557000000,1.17,N/A,0.00%,2024-08-01
SYF,"Synchrony Financial",18840444000,9.45,5.01,2238000000,1.63,1,2.13%,2024-07-17
SYK,"Stryker Corp",128475392000,30.29,10.96,3165000000,0.89,3.15,0.93%,2024-07-30
SYY,"Sysco Corp",34734244000,16.44,4.26,1770120000,1.18,2.51,3.60%,2024-08-06
T,"AT&T Inc",134584000000,7.92,2.36,14400000000,0.58,1.11,5.91%,2024-07-24
TAP,"Molson Coors Brewing Company",10589362000,8.67,5.84,948900000,0.81,1.7,3.40%,2024-08-06
TDC,"Teradata Corp",3294569000,38.4,0.9,62000000,0.83,N/A,0.00%,2024-08-05
TDG,"Transdigm Group Inc",71321272000,45.37,28.29,1298000000,1.38,N/A,0.00%,2024-08-13
TDY,"Teledyne Technologies Inc",18074430000,19.65,19.71,885700000,1,N/A,0.00%,2024-07-24
TEAM,"Atlassian Corp",48759024000,0,-0.48,-486760000.,0.74,N/A,0.00%,2024-08-01
TECH,"Bio-Techne Corp",11257874000,42.53,1.68,285260000,1.29,0.32,0.45%,2024-08-13
TER,"Teradyne Inc",23604132000,52.49,2.89,448750000,1.5,0.46,0.30%,2024-07-24
TFC,"Truist Financial Corp",51142032000,11.11,3.5,-1091000000.,1.07,2.08,5.44%,2024-07-22
TFSL,"Tfs Financial Corp",3469588000,46.19,0.27,75250000,0.68,1.13,9.14%,2024-07-25
TFX,"Teleflex Inc",10082868000,15.5,13.64,356330000,1.13,1.36,0.64%,2024-08-01
TGT,"Target Corp",67383072000,16.25,8.91,4138000000,1.19,4.4,3.02%,2024-08-21
THC,"Tenet Healthcare Corp",12874619000,15.47,8.78,611000000,2.15,N/A,0.00%,2024-07-24
THG,"The Hanover Insurance Group",4454416000,27.66,4.54,35300000,0.68,3.36,2.71%,2024-07-31
THO,"Thor Industries",4893684000,17.9,5.2,374270000,1.71,2.37,2.58%,2024-06-05
TJX,"TJX Companies",126169840000,28.09,3.93,4474000000,0.88,1.373,1.23%,2024-08-21
TKO,"Tko Group Holdings Inc Cl A",18866610000,32.33,3.48,208180000,1.04,3.98,3.59%,2024-08-07
TKR,"Timken Company",5549170000,11.93,6.7,394100000,1.46,1.33,1.69%,2024-08-01
TMO,"Thermo Fisher Scientific Inc",206164800000,24.77,21.62,5995000000,0.77,1.48,0.27%,2024-07-24
TMUS,"T-Mobile US",210043120000,24.28,7.35,8317000000,0.51,1.95,1.09%,2024-07-31
TNL,"Travel + Leisure Co.",3071478000,7.46,5.82,396000000,1.63,1.9,4.41%,2024-07-24
TOL,"Toll Brothers Inc",11205275000,8.31,13.47,1372070000,1.67,1.09,1.00%,2024-08-27
TOST,"Toast Inc Cl A",11623980000,0,-0.5,-246000000.,1.76,N/A,0.00%,2024-08-13
TPG,"Tpg Inc Cl A",14820554000,22.6,1.82,80090000,1.52,1.55,3.81%,2024-08-13
TPL,"Texas Pacific Land Trust",17185936000,39.76,18.81,405650000,1.63,14.503,1.94%,2024-08-07
TPR,"Tapestry Inc",9223088000,9.3,4.32,936000000,1.59,1.4,3.49%,2024-08-15
TPX,"Tempur-Pedic International Inc",7851323000,19.65,2.38,368100000,1.6,0.48,1.06%,2024-08-01
TREX,"Trex Company",7720464000,30.84,2.3,205380000,1.5,N/A,0.00%,2024-07-29
TRGP,"Targa Resources",29375284000,27.49,4.86,828200000,2.27,2.25,1.70%,2024-08-01
TRIP,"Tripadvisor Inc",2451328000,25.48,0.69,10000000,1.42,N/A,0.00%,2024-08-07
TRMB,"Trimble Navigation",13648785000,26.18,2.12,311300000,1.5,N/A,0.00%,2024-08-01
TROW,"T Rowe Price Group",25632608000,13.97,8.29,1788700000,1.42,4.92,4.29%,2024-07-26
TRU,Transunion,14807750000,24.47,3.09,-206200000.,1.61,0.42,0.55%,2024-07-25
TRV,"The Travelers Companies Inc",46226816000,14.86,13.71,2991000000,0.61,4.05,2.01%,2024-07-19
TSCO,"Tractor Supply Company",28303358000,25.48,10.27,1107230000,0.81,4.26,1.62%,2024-07-25
TSLA,"Tesla Inc",802146624000,110.49,2.23,14999000000,2.31,N/A,0.00%,2024-07-23
TSN,"Tyson Foods",19999140000,30.93,1.83,-648000000.,0.74,1.95,3.48%,2024-08-05
TT,"Trane Technologies Plc",75076432000,34.58,9.58,2023900000,1.01,3.18,0.96%,2024-08-07
TTC,"Toro Company",9158571000,24.33,3.7,329700000,0.69,1.42,1.61%,2024-06-06
TTD,"Trade Desk Inc",48863792000,248.68,0.4,178940000,1.48,N/A,0.00%,2024-08-14
TTEK,"Tetra Tech Inc",10818164000,34.58,5.89,273420000,0.93,1.07,0.53%,2024-08-14
TTWO,"Take-Two Interactive",26005960000,151.98,1.01,-3744200000.,0.84,N/A,0.00%,2024-08-13
TW,"Tradeweb Markets Inc",25150380000,44.04,2.42,364870000,1.03,0.38,0.36%,2024-07-25
TWLO,Twilio,9818426000,0,-0.49,-1015440000.,1.35,N/A,0.00%,2024-08-13
TXG,"10X Genomics Inc",2230806000,0,-1.95,-255100000.,1.84,N/A,0.00%,2024-08-01
TXN,"Texas Instruments",180994704000,31.28,6.36,6510000000,0.99,5.14,2.59%,2024-07-23
TXRH,"Texas Roadhouse Inc",11399888000,33.73,4.94,304880000,1.01,2.32,1.36%,2024-07-25
TXT,"Textron Inc",16201788000,14.99,5.75,921000000,1.25,0.08,0.09%,2024-07-18
TYL,"Tyler Technologies",21797248000,80.47,6.32,165920000,0.76,N/A,0.00%,2024-07-24
U,"Unity Software Inc",6140442000,0,-0.66,-822010000.,2.25,N/A,0.00%,2024-08-07
UA,"Under Armour Inc Cl C",2741208000,11.16,0.56,232040000,1.65,N/A,0.00%,2024-08-13
UAA,"Under Armour",2793587000,11.43,0.56,232040000,1.67,N/A,0.00%,2024-08-13
UAL,"United Airlines Holdings Inc",15453741000,4.61,10.53,2618000000,1.44,N/A,0.00%,2024-07-17
UBER,"Uber Technologies Inc",148481296000,115,0.62,1887000000,1.36,N/A,0.00%,2024-08-06
UDR,"United Dominion Realty Trust",13458778000,16.37,1.4,444350000,0.83,1.685,4.12%,2024-07-24
UGI,"Ugi Corp",4691340000,7.05,3.2,-1502000000.,1.13,1.5,6.70%,2024-08-07
UHAL,"U-Haul Holding Company",12199974000,20.82,3.04,628710000,1.1,N/A,0.00%,2024-08-14
UHA.B,"U-Haul Holding Series N Non-Voting",N/A,N/A,N/A,0,N/A,N/A,N/A,N/A
UHS,"Universal Health Services",12109464000,15.57,11.91,717800000,1.28,0.8,0.44%,2024-07-23
UI,"Ubiquiti Networks",8895626000,25.59,5.79,407640000,1.18,2.4,1.63%,2024-08-23
ULTA,"Ulta Beauty Inc",18609236000,15.2,25.64,1291010000,1.37,N/A,0.00%,2024-08-22
UNH,"Unitedhealth Group Inc",449157088000,19.01,25.77,22381000000,0.6,7.74,1.59%,2024-07-16
UNM,"Unumprovident Corp",9433168000,6.4,7.91,1283800000,0.81,1.46,2.93%,2024-07-30
UNP,"Union Pacific Corp",137381168000,21.52,10.48,6379000000,1.06,5.2,2.31%,2024-07-25
UPS,"United Parcel Service",116655480000,16.92,8.01,6708000000,0.98,6.5,4.77%,2024-07-23
URI,"United Rentals",42214724000,15.56,42.02,2424000000,1.71,6.22,0.98%,2024-07-24
USB,"U.S. Bancorp",60920360000,9.73,4.06,5429000000,1.04,1.95,4.99%,2024-07-17
USFD,"US Foods Holding",12792460000,21.57,2.46,506000000,1.62,N/A,0.00%,2024-08-08
UTHR,"United Therapeutic",13952620000,14.71,21.15,984800000,0.55,N/A,0.00%,2024-08-07
UWMC,"Uwm Hldg Corp",648019000,40.65,0.17,-13230000.,1.64,0.4,5.90%,2024-08-14
V,"Visa Inc",494471648000,28.59,9.41,17273000000,0.95,2.01,0.74%,2024-07-23
VAC,"Marriot Vacations Worldwide Cor",2888020000,11.76,7.07,254000000,1.81,3,3.65%,2024-08-07
VEEV,"Veeva Systems Inc",29656676000,51.81,3.5,525710000,0.8,N/A,0.00%,2024-05-30
VFC,"V.F. Corp",5037952000,17.81,0.73,-968880000.,1.53,0.57,4.40%,2024-08-06
VICI,"Vici Properties Inc",28948300000,12.67,2.53,2513540000,0.92,1.66,5.98%,2024-07-31
VIRT,"Virtu Financial Cm A",3486563000,14.68,1.52,142040000,0.39,0.96,4.33%,2024-07-18
VKTX,"Viking Thera",5653440000,0,-0.93,-85900000.,1.03,N/A,0.00%,2024-07-24
VLO,"Valero Energy Corp",49958448000,7.82,20.26,8835000000,1.42,4.18,2.74%,2024-07-25
VLTO,"Veralto Corporation",23598572000,0,2.46,839000000,N/A,0.27,0.28%,2024-07-25
VMC,"Vulcan Materials Company",32297258000,35.66,6.84,933200000,0.82,1.78,0.73%,2024-08-01
VMI,"Valmont Industries",5343002000,16.7,15.9,143480000,1.03,2.4,0.91%,2024-07-24
VNO,"Vornado Realty Trust",4901128000,10.23,0.41,105490000,1.64,0.3,1.17%,2024-07-29
VNOM,"Viper Energy Inc",6895538000,14.33,2.76,200090000,1.74,2.08,5.33%,2024-08-05
VNT,"Vontier Corp",5878008000,13.04,2.94,376900000,1.29,0.1,0.26%,2024-08-01
VOYA,"VOYA Financial Inc",7043028000,8.72,8.23,625000000,1.05,1.6,2.29%,2024-08-06
VRSK,"Verisk Analytics Inc",39157156000,45.1,6.06,614600000,0.84,1.46,0.53%,2024-08-07
VRSN,"Verisign Inc",17609278000,23.52,7.46,817600000,0.9,N/A,0.00%,2024-07-25
VRT,"Vertiv Holdings Llc.",34357384000,47.42,1.97,460200000,1.58,0.05,0.05%,2024-08-07
VRTX,"Vertex Pharmaceutic",122464224000,31.23,15.06,3619600000,0.39,N/A,0.00%,2024-08-01
VST,"Vistra Energy Corp",31049024000,45.18,2.03,1493000000,1.05,0.852,0.95%,2024-08-14
VSTS,"Vestis Corporation",1480138000,0,0.35,213160000,N/A,0.105,0.93%,2024-08-01
VTR,"Ventas Inc",21230396000,17.05,-0.15,-40970000.,1.33,1.8,3.43%,2024-08-01
VTRS,"Viatris Inc",12287776000,3.69,2.81,54700000,0.94,0.48,4.65%,2024-08-08
VVV,"Valvoline Inc",5520148000,29.03,1.48,1419700000,1.43,N/A,0.00%,2024-08-14
VZ,"Verizon Communications Inc",173715968000,8.82,4.66,11614000000,0.41,2.648,6.42%,2024-07-22
W,"Wayfair Inc",6192522000,0,-5.49,-738000000.,3.43,N/A,0.00%,2024-08-01
WAB,"Wabtec Corp",27604252000,24.16,6.54,815000000,1.29,0.74,0.47%,2024-07-24
WAL,"Western Alliance Bancorp",6932589000,8.46,7.56,722400000,1.46,1.47,2.33%,2024-07-16
WAT,"Waters Corp",16977974000,25.07,11.47,642230000,0.95,N/A,0.00%,2024-07-31
WBA,"Walgreens Boots Alliance",9720477000,3.51,3.16,-3080000000.,0.72,1.46,12.97%,2024-06-27
WBD,"Discovery Inc Series A",17666756000,0,-1.24,-3126000000.,1.49,N/A,0.00%,2024-08-01
WBS,"Webster Financial Corp",7382515000,7.41,5.86,867840000,1.3,1.6,3.72%,2024-07-18
WCC,"Wesco International",7850892000,12.11,13.15,765500000,2.06,1.575,1.02%,2024-08-01
WDAY,"Workday Inc",60719448000,141.86,1.59,1381000000,1.35,N/A,0.00%,2024-08-22
WDC,"Western Digital Corp",25197932000,0,-4.62,-1706000000.,1.37,N/A,0.00%,2024-07-29
WEC,"Wisconsin Energy Corp",24586820000,15.57,4.99,1332900000,0.41,3.23,4.15%,2024-08-06
WELL,"Welltower Inc",63666100000,27.8,0.81,340090000,1.18,2.44,2.29%,2024-07-29
WEN,"Wendys Company",3335463000,16.44,0.99,204440000,0.76,1,6.15%,2024-08-14
WEX,"Wex Inc",7438685000,14,12.62,266600000,1.54,N/A,0.00%,2024-07-25
WFC,"Wells Fargo & Company",207854096000,11.69,5.19,19142000000,1.17,1.4,2.35%,2024-07-12
WFRD,"Weatherford International Plc",8908693000,20.31,6.18,417000000,0.64,N/A,0.00%,2024-07-24
WH,"Wyndham Hotels & Resorts Inc",5828940000,18.52,3.93,289000000,1.34,1.46,2.02%,2024-07-24
WHR,"Whirlpool Corp",5485455000,6.6,15.29,481000000,1.44,7,6.97%,2024-07-24
WING,"Wingstop Inc",12268491000,145.31,2.88,70180000,1.69,0.88,0.21%,2024-07-31
WLK,"Westlake Corp",18256942000,21.93,6.57,479000000,1.2,2,1.41%,2024-08-01
WM,"Waste Management",84359792000,31.7,6.63,2304000000,0.74,2.9,1.38%,2024-07-24
WMB,"Williams Companies",51772672000,22.06,1.94,3179000000,1.05,1.845,4.34%,2024-08-07
WMS,"Advanced Drainage Systems Inc",11877326000,24.55,6.35,509920000,1.55,0.58,0.38%,2024-08-01
WMT,"Walmart Inc",563369728000,29.37,2.32,15511000000,0.5,0.795,1.14%,2024-08-15
WOLF,"Wolfspeed Inc",2991574000,0,-2.75,-329900000.,1.6,N/A,0.00%,2024-08-21
WPC,"W.P. Carey & Company Llc",12044128000,10.96,2.63,708330000,0.93,4.5,8.18%,2024-07-26
WRB,"W.R. Berkley Corp",20105260000,14.39,5.5,1381360000,0.61,1.95,2.48%,2024-07-22
WRK,"Westrock Company",13238070000,21.72,2.29,-1649000000.,1.05,1.183,2.30%,2024-08-01
WSC,"Willscot Corp",6816086000,23.15,1.62,476460000,1.38,N/A,0.00%,2024-08-07
WSM,Williams-Sonoma,18001094000,17.25,16.29,949760000,1.75,3.83,1.37%,2024-08-28
WSO,"Watsco Inc",19397998000,36.97,13,536340000,0.88,10.05,2.09%,2024-08-06
WST,"West Pharmaceutical Services",23496238000,41.89,7.66,593400000,1,0.79,0.24%,2024-07-25
WTFC,"Wintrust Financial Corp",5954938000,10.14,9.67,622630000,1.18,1.7,1.76%,2024-07-17
WTM,"White Mountains Insurance Group",4411465000,11.93,144.43,509200000,0.44,1,0.06%,2024-08-05
WTRG,"Essential Utilities Inc",10254415000,19.65,1.87,498230000,0.83,1.228,3.28%,2024-08-05
WTW,"Willis Towers Watson Public Ltd",26745958000,17.33,15.02,1055000000,0.73,3.44,1.31%,2024-07-25
WU,"Western Union Company",4100620000,6.96,1.76,626000000,0.85,0.94,7.76%,2024-07-24
WWD,"Woodward Inc",10480891000,30.17,5.77,232370000,1.37,0.94,0.55%,2024-07-29
WY,"Weyerhaeuser Company",20011518000,27.89,0.97,839000000,1.39,0.92,3.35%,2024-07-25
WYNN,"Wynn Resorts Ltd",9731124000,16.16,5.4,729990000,1.82,1,1.15%,2024-08-14
X,"United States Steel Corp",8701696000,8.37,4.68,895000000,1.93,0.2,0.52%,2024-07-25
XEL,"XCEL Energy Inc",29276618000,15.25,3.46,1771000000,0.37,2.135,4.05%,2024-08-01
XOM,"Exxon Mobil Corp",447018720000,13.12,8.75,36010000000,0.91,3.76,3.32%,2024-07-26
XP,"XP Inc Cl A",9379845000,11.07,1.52,780910000,1.65,1.315,7.70%,2024-08-12
XPO,"Xpo Inc",12396231000,33.79,3.17,189000000,2.1,N/A,0.00%,2024-08-02
XRAY,"Dentsply Sirona Inc",5099417000,13.31,1.86,-132000000.,1.01,0.6,2.44%,2024-08-07
XYL,"Xylem Inc",32550932000,34.38,3.86,609000000,1.04,1.38,1.03%,2024-07-30
YETI,"Yeti Holdings Inc",3170001000,17.47,2.13,169890000,2.14,N/A,0.00%,2024-08-08
YUM,"Yum! Brands",36364320000,24.64,5.26,1597000000,1.07,2.55,1.97%,2024-08-06
Z,"Yum! Brands",36364320000,24.64,5.26,1597000000,1.07,2.55,1.97%,2024-08-06
ZBH,"Yum! Brands",36364320000,24.64,5.26,1597000000,1.07,2.55,1.97%,2024-08-06
ZBRA,"Yum! Brands",36364320000,24.64,5.26,1597000000,1.07,2.55,1.97%,2024-08-06
ZG,"Yum! Brands",36364320000,24.64,5.26,1597000000,1.07,2.55,1.97%,2024-08-06
ZI,"Yum! Brands",36364320000,24.64,5.26,1597000000,1.07,2.55,1.97%,2024-08-06
ZION,"Yum! Brands",36364320000,24.64,5.26,1597000000,1.07,2.55,1.97%,2024-08-06
ZM,"Yum! Brands",36364320000,24.64,5.26,1597000000,1.07,2.55,1.97%,2024-08-06
ZS,"Yum! Brands",36364320000,24.64,5.26,1597000000,1.07,2.55,1.97%,2024-08-06
ZTS, "Yum! Brands",36364320000,24.64,5.26,1597000000,1.07,2.55,1.97%,2024-08-06